data_id,data_macaddr,data_vot,data_lat,data_lng,data_updated_time,data_created_time
1,aaeec755,582,0,0,NULL,2019/6/6 6:47
2,aaeec755,582,0,0,NULL,2019/6/6 6:47
3,aaeec755,582,0,0,NULL,2019/6/6 6:47
4,aaeec755,582,0,0,NULL,2019/6/6 6:47
5,aa560370,587,0,0,NULL,2019/6/6 6:54
6,aa560370,587,0,0,NULL,2019/6/6 6:54
7,aa560370,0,22.9764,120.2174,NULL,2019/6/6 6:57
8,aa560370,0,22.9764,120.2174,NULL,2019/6/6 6:57
9,aa560370,0,22.9764,120.2174,NULL,2019/6/6 6:58
10,aa560370,0,22.9764,120.2174,NULL,2019/6/6 6:58
11,aa560370,0,22.9764,120.2174,NULL,2019/6/6 6:58
12,aa560370,0,22.9764,120.2174,NULL,2019/6/6 6:58
13,aa560370,0,22.9764,120.2176,NULL,2019/6/6 6:59
14,aa560370,0,22.9764,120.2176,NULL,2019/6/6 6:59
15,aa560370,0,22.9764,120.2176,NULL,2019/6/6 6:59
16,aa560370,0,22.9764,120.2175,NULL,2019/6/6 7:00
17,aa560370,0,22.9764,120.2175,NULL,2019/6/6 7:00
18,aa560370,0,22.9765,120.2176,NULL,2019/6/6 7:01
19,aaeec755,585,0,0,NULL,2019/6/6 7:01
20,aaeec755,585,0,0,NULL,2019/6/6 7:01
21,aa560370,0,22.9763,120.2175,NULL,2019/6/6 7:01
22,aa560370,0,22.9763,120.2174,NULL,2019/6/6 7:01
23,aa560370,0,22.9763,120.2175,NULL,2019/6/6 7:03
24,aa560370,0,22.9763,120.2175,NULL,2019/6/6 7:04
25,aa560370,0,22.9764,120.2175,NULL,2019/6/6 7:04
26,aa560370,0,22.9764,120.2175,NULL,2019/6/6 7:04
27,aa560370,0,22.9763,120.2175,NULL,2019/6/6 7:05
28,aa560370,0,22.9763,120.2175,NULL,2019/6/6 7:05
29,aa1d3651,581,0,0,NULL,2019/6/6 7:06
30,aa560370,0,22.9763,120.2175,NULL,2019/6/6 7:06
31,aa1d3651,581,0,0,NULL,2019/6/6 7:06
32,aa560370,0,22.9763,120.2175,NULL,2019/6/6 7:06
33,aa1d3651,581,0,0,NULL,2019/6/6 7:06
34,aa560370,0,22.9763,120.2175,NULL,2019/6/6 7:07
35,aa1d3651,581,0,0,NULL,2019/6/6 7:07
36,aa1d3651,581,0,0,NULL,2019/6/6 7:07
37,aa1d3651,581,0,0,NULL,2019/6/6 7:07
38,aa1d3651,581,0,0,NULL,2019/6/6 7:07
39,aa560370,0,22.9763,120.2175,NULL,2019/6/6 7:07
40,aa1d3651,581,0,0,NULL,2019/6/6 7:07
41,aa1d3651,581,0,0,NULL,2019/6/6 7:08
42,aa560370,0,22.9763,120.2174,NULL,2019/6/6 7:08
43,aa1d3651,581,0,0,NULL,2019/6/6 7:08
44,aa1d3651,581,0,0,NULL,2019/6/6 7:08
45,aa560370,0,22.9764,120.2175,NULL,2019/6/6 7:08
46,aa1d3651,581,0,0,NULL,2019/6/6 7:08
47,aa560370,0,22.9763,120.2175,NULL,2019/6/6 7:09
48,aa1d3651,581,0,0,NULL,2019/6/6 7:09
49,aa560370,0,22.9762,120.2174,NULL,2019/6/6 7:09
50,aa1d3651,581,0,0,NULL,2019/6/6 7:09
51,aa1d3651,581,0,0,NULL,2019/6/6 7:09
52,aa560370,0,22.9762,120.2174,NULL,2019/6/6 7:09
53,aa1d3651,578,0,0,NULL,2019/6/6 7:10
54,aa1d3651,578,0,0,NULL,2019/6/6 7:10
55,aa560370,0,22.9762,120.2174,NULL,2019/6/6 7:10
56,aa1d3651,578,0,0,NULL,2019/6/6 7:10
57,aa560370,0,22.9761,120.2174,NULL,2019/6/6 7:10
58,aa1d3651,578,0,0,NULL,2019/6/6 7:10
59,aa560370,0,22.9761,120.2174,NULL,2019/6/6 7:11
60,aa0899ae,586,0,0,NULL,2019/6/6 7:11
61,aa560370,0,22.9761,120.2174,NULL,2019/6/6 7:11
62,aa560370,0,22.9761,120.2174,NULL,2019/6/6 7:12
63,aa560370,0,22.9762,120.2174,NULL,2019/6/6 7:12
64,aa560370,0,22.9762,120.2174,NULL,2019/6/6 7:12
65,aa560370,0,22.9762,120.2174,NULL,2019/6/6 7:13
66,aa560370,0,22.9762,120.2174,NULL,2019/6/6 7:13
67,aa560370,0,22.9762,120.2174,NULL,2019/6/6 7:14
68,aa560370,0,22.9762,120.2174,NULL,2019/6/6 7:14
69,aaeec755,584,0,0,NULL,2019/6/6 7:14
70,aaeec755,584,0,0,NULL,2019/6/6 7:14
71,aaeec755,584,0,0,NULL,2019/6/6 7:14
72,aa560370,0,22.9762,120.2174,NULL,2019/6/6 7:14
73,aa560370,0,22.9762,120.2174,NULL,2019/6/6 7:14
74,aaeec755,584,0,0,NULL,2019/6/6 7:15
75,aaeec755,584,0,0,NULL,2019/6/6 7:15
76,aaeec755,584,0,0,NULL,2019/6/6 7:15
77,aaeec755,584,0,0,NULL,2019/6/6 7:15
78,aaeec755,584,0,0,NULL,2019/6/6 7:15
79,aaeec755,584,0,0,NULL,2019/6/6 7:15
80,aaeec755,584,0,0,NULL,2019/6/6 7:16
81,aa560370,0,22.976,120.2172,NULL,2019/6/6 7:16
82,aaeec755,584,0,0,NULL,2019/6/6 7:16
83,aaeec755,584,0,0,NULL,2019/6/6 7:16
84,aa560370,0,22.976,120.217,NULL,2019/6/6 7:16
85,aaeec755,584,0,0,NULL,2019/6/6 7:16
86,aaeec755,584,0,0,NULL,2019/6/6 7:16
87,aaeec755,584,0,0,NULL,2019/6/6 7:17
88,aa560370,0,22.976,120.217,NULL,2019/6/6 7:17
89,aaeec755,584,0,0,NULL,2019/6/6 7:17
90,aa560370,0,22.976,120.2168,NULL,2019/6/6 7:17
91,aa560370,0,22.9759,120.2167,NULL,2019/6/6 7:19
92,aa560370,0,22.9758,120.2167,NULL,2019/6/6 7:20
93,aa560370,0,22.9758,120.2167,NULL,2019/6/6 7:20
94,aa560370,0,22.9757,120.2167,NULL,2019/6/6 7:21
95,aa560370,0,22.9759,120.2167,NULL,2019/6/6 7:21
96,aa560370,0,22.976,120.2168,NULL,2019/6/6 7:22
97,aa560370,0,22.976,120.2168,NULL,2019/6/6 7:22
98,aa560370,0,22.976,120.2167,NULL,2019/6/6 7:22
99,aa560370,0,22.976,120.2169,NULL,2019/6/6 7:23
100,aa560370,0,22.976,120.2168,NULL,2019/6/6 7:23
101,aa560370,0,22.976,120.2167,NULL,2019/6/6 7:24
102,aa560370,0,22.976,120.2166,NULL,2019/6/6 7:24
103,aa560370,0,22.976,120.2166,NULL,2019/6/6 7:24
104,aa560370,0,22.976,120.2165,NULL,2019/6/6 7:25
105,aa560370,0,22.976,120.2166,NULL,2019/6/6 7:25
106,aaeec755,585,0,0,NULL,2019/6/6 7:32
107,aaeec755,584,0,0,NULL,2019/6/6 7:32
108,aaeec755,584,0,0,NULL,2019/6/6 7:32
109,aa560370,0,22.976,120.217,NULL,2019/6/6 7:32
110,aa560370,0,22.976,120.217,NULL,2019/6/6 7:33
111,aa560370,0,22.976,120.2169,NULL,2019/6/6 7:33
112,aa560370,0,22.9761,120.217,NULL,2019/6/6 7:34
113,aa560370,0,22.9761,120.2169,NULL,2019/6/6 7:34
114,aa560370,0,22.976,120.2169,NULL,2019/6/6 7:35
115,aa560370,0,22.976,120.217,NULL,2019/6/6 7:35
116,aa560370,0,22.976,120.217,NULL,2019/6/6 7:38
117,aa560370,0,22.9762,120.2172,NULL,2019/6/6 7:39
118,aa560370,0,22.9762,120.2172,NULL,2019/6/6 7:40
119,aa560370,0,22.976,120.2174,NULL,2019/6/6 7:40
120,aa560370,0,22.976,120.2174,NULL,2019/6/6 7:40
121,aa560370,0,22.9761,120.2172,NULL,2019/6/6 7:43
122,aa560370,0,22.976,120.217,NULL,2019/6/6 7:43
123,aa560370,0,22.976,120.217,NULL,2019/6/6 7:44
124,aa560370,0,22.9759,120.2169,NULL,2019/6/6 7:44
125,aa560370,0,22.9758,120.2168,NULL,2019/6/6 7:45
126,aa560370,0,22.976,120.2169,NULL,2019/6/6 7:45
127,aa560370,0,22.976,120.2169,NULL,2019/6/6 7:45
128,aa560370,0,22.976,120.2169,NULL,2019/6/6 7:46
129,aa560370,0,22.976,120.217,NULL,2019/6/6 7:46
130,aa560370,0,22.976,120.2169,NULL,2019/6/6 7:47
131,aaeec755,583,0,0,NULL,2019/6/6 7:48
132,aaeec755,583,0,0,NULL,2019/6/6 7:48
133,aaeec755,583,0,0,NULL,2019/6/6 7:49
134,aa560370,0,22.9759,120.2167,NULL,2019/6/6 7:50
135,aaeec755,583,0,0,NULL,2019/6/6 7:51
136,aaeec755,582,0,0,NULL,2019/6/6 7:53
137,aa560370,0,22.976,120.2171,NULL,2019/6/6 7:58
138,aa560370,0,22.976,120.217,NULL,2019/6/6 7:58
139,aa560370,572,0,0,NULL,2019/6/6 7:59
140,aaeec755,585,0,0,NULL,2019/6/6 7:59
141,aaeec755,585,0,0,NULL,2019/6/6 7:59
142,aaeec755,585,0,0,NULL,2019/6/6 7:59
143,aaeec755,585,0,0,NULL,2019/6/6 8:00
144,aaeec755,585,0,0,NULL,2019/6/6 8:00
145,aaeec755,584,0,0,NULL,2019/6/6 8:04
146,aa1d3651,575,0,0,NULL,2019/6/6 8:04
147,aa0899ae,593,0,0,NULL,2019/6/6 8:04
148,aa1d3651,575,0,0,NULL,2019/6/6 8:04
149,aaeec755,584,0,0,NULL,2019/6/6 8:05
150,aaeec755,584,0,0,NULL,2019/6/6 8:05
151,aaeec755,584,0,0,NULL,2019/6/6 8:05
152,aa560370,0,22.9764,120.2168,NULL,2019/6/6 8:05
153,aaeec755,584,0,0,NULL,2019/6/6 8:05
154,aaeec755,584,0,0,NULL,2019/6/6 8:05
155,aaeec755,584,0,0,NULL,2019/6/6 8:06
156,aaeec755,584,0,0,NULL,2019/6/6 8:06
157,aaeec755,584,0,0,NULL,2019/6/6 8:06
158,aaeec755,584,0,0,NULL,2019/6/6 8:06
159,aa560370,0,22.976,120.217,NULL,2019/6/6 8:06
160,aa560370,0,22.976,120.217,NULL,2019/6/6 8:06
161,aaeec755,584,0,0,NULL,2019/6/6 8:06
162,aaeec755,584,0,0,NULL,2019/6/6 8:06
163,aaeec755,584,0,0,NULL,2019/6/6 8:06
164,aaeec755,584,0,0,NULL,2019/6/6 8:06
165,aa560370,0,22.9761,120.2174,NULL,2019/6/6 8:06
166,aa560370,0,22.9761,120.2174,NULL,2019/6/6 8:06
167,aaeec755,584,0,0,NULL,2019/6/6 8:06
168,aaeec755,584,0,0,NULL,2019/6/6 8:06
169,aaeec755,584,0,0,NULL,2019/6/6 8:07
170,aaeec755,584,0,0,NULL,2019/6/6 8:07
171,aa560370,0,22.9761,120.2174,NULL,2019/6/6 8:07
172,aa560370,0,22.9761,120.2174,NULL,2019/6/6 8:07
173,aaeec755,584,0,0,NULL,2019/6/6 8:07
174,aaeec755,582,0,0,NULL,2019/6/6 8:07
175,aaeec755,582,0,0,NULL,2019/6/6 8:07
176,aa560370,0,22.976,120.2173,NULL,2019/6/6 8:07
177,aa560370,0,22.976,120.2173,NULL,2019/6/6 8:07
178,aa560370,0,22.9761,120.2174,NULL,2019/6/6 8:07
179,aaeec755,582,0,0,NULL,2019/6/6 8:08
180,aaeec755,582,0,0,NULL,2019/6/6 8:08
181,aaeec755,582,0,0,NULL,2019/6/6 8:08
182,aaeec755,582,0,0,NULL,2019/6/6 8:08
183,aa0899ae,593,0,0,NULL,2019/6/6 8:08
184,aaeec755,583,0,0,NULL,2019/6/6 8:16
185,aaeec755,583,0,0,NULL,2019/6/6 8:16
186,aaeec755,583,0,0,NULL,2019/6/6 8:16
187,aaeec755,583,0,0,NULL,2019/6/6 8:18
188,aaeec755,583,0,0,NULL,2019/6/6 8:19
189,aaeec755,583,0,0,NULL,2019/6/6 8:21
190,aaeec755,583,0,0,NULL,2019/6/6 8:22
191,aaeec755,581,0,0,NULL,2019/6/6 8:23
192,aaeec755,581,0,0,NULL,2019/6/6 8:23
193,aaeec755,581,0,0,NULL,2019/6/6 8:23
194,aaeec755,581,0,0,NULL,2019/6/6 8:23
195,aaeec755,581,0,0,NULL,2019/6/6 8:24
196,aaeec755,581,0,0,NULL,2019/6/6 8:27
197,aaeec755,581,0,0,NULL,2019/6/6 8:27
198,aaeec755,581,0,0,NULL,2019/6/6 8:29
199,aaeec755,581,0,0,NULL,2019/6/6 8:29
200,aaeec755,581,0,0,NULL,2019/6/6 8:31
201,aaeec755,581,0,0,NULL,2019/6/6 8:31
202,aaeec755,581,0,0,NULL,2019/6/6 8:31
203,aaeec755,581,0,0,NULL,2019/6/6 8:32
204,aaeec755,581,0,0,NULL,2019/6/6 8:32
205,aaeec755,581,0,0,NULL,2019/6/6 8:33
206,aaeec755,581,0,0,NULL,2019/6/6 8:33
207,aa560370,0,22.9761,120.2175,NULL,2019/6/6 8:33
208,aaeec755,581,0,0,NULL,2019/6/6 8:33
209,aaeec755,581,0,0,NULL,2019/6/6 8:33
210,aaeec755,581,0,0,NULL,2019/6/6 8:34
211,aaeec755,0,22.9762,120.2175,NULL,2019/6/6 8:35
212,aa560370,0,22.9761,120.2178,NULL,2019/6/6 8:36
213,aa560370,0,22.9759,120.2175,NULL,2019/6/6 8:36
214,aa560370,0,22.9759,120.2175,NULL,2019/6/6 8:37
215,aaeec755,582,0,0,NULL,2019/6/6 8:37
216,aaeec755,0,22.9763,120.2175,NULL,2019/6/6 8:38
217,aaeec755,582,0,0,NULL,2019/6/6 8:38
218,aaeec755,582,0,0,NULL,2019/6/6 8:38
219,aaeec755,582,0,0,NULL,2019/6/6 8:39
220,aaeec755,582,0,0,NULL,2019/6/6 8:39
221,aaeec755,582,0,0,NULL,2019/6/6 8:39
222,aa560370,0,22.976,120.2174,NULL,2019/6/6 8:39
223,aaeec755,582,0,0,NULL,2019/6/6 8:39
224,aaeec755,582,0,0,NULL,2019/6/6 8:39
225,aaeec755,582,0,0,NULL,2019/6/6 8:41
226,aa560370,0,22.9761,120.2172,NULL,2019/6/6 8:41
227,aa560370,0,22.976,120.2171,NULL,2019/6/6 8:41
228,aa560370,0,22.9761,120.2171,NULL,2019/6/6 8:42
229,aa560370,0,22.9761,120.2169,NULL,2019/6/6 8:42
230,aaeec755,581,0,0,NULL,2019/6/6 8:42
231,aa560370,0,22.9761,120.2169,NULL,2019/6/6 8:43
232,aaeec755,581,0,0,NULL,2019/6/6 8:43
233,aa560370,0,22.9763,120.2168,NULL,2019/6/6 8:43
234,aaeec755,581,0,0,NULL,2019/6/6 8:43
235,aa560370,0,22.9761,120.2169,NULL,2019/6/6 8:43
236,aaeec755,581,0,0,NULL,2019/6/6 8:44
237,aaeec755,581,0,0,NULL,2019/6/6 8:44
238,aa560370,0,22.9761,120.217,NULL,2019/6/6 8:44
239,aa560370,0,22.9761,120.217,NULL,2019/6/6 8:44
240,aa560370,0,22.9761,120.2169,NULL,2019/6/6 8:45
241,aa560370,0,22.9759,120.2168,NULL,2019/6/6 8:45
242,aaeec755,581,0,0,NULL,2019/6/6 8:45
243,aa560370,0,22.976,120.2168,NULL,2019/6/6 8:45
244,aaeec755,581,0,0,NULL,2019/6/6 8:46
245,aaeec755,581,0,0,NULL,2019/6/6 8:46
246,aa560370,0,22.976,120.2168,NULL,2019/6/6 8:46
247,aa560370,0,22.9761,120.2169,NULL,2019/6/6 8:46
248,aa560370,0,22.9762,120.2169,NULL,2019/6/6 8:47
249,aa560370,0,22.976,120.2169,NULL,2019/6/6 8:47
250,aa560370,0,22.9759,120.2169,NULL,2019/6/6 8:48
251,aa560370,0,22.9761,120.2167,NULL,2019/6/6 8:48
252,aa560370,0,22.9762,120.2168,NULL,2019/6/6 8:49
253,aa560370,0,22.9761,120.2169,NULL,2019/6/6 8:49
254,aaeec755,579,0,0,NULL,2019/6/6 8:50
255,aa560370,0,22.9761,120.2167,NULL,2019/6/6 8:51
256,aa560370,0,22.976,120.2167,NULL,2019/6/6 8:52
257,aa560370,0,22.9759,120.2166,NULL,2019/6/6 8:52
258,aa560370,0,22.976,120.2166,NULL,2019/6/6 8:53
259,aa560370,0,22.976,120.2168,NULL,2019/6/6 8:54
260,aa560370,0,22.976,120.2169,NULL,2019/6/6 8:55
261,aa560370,0,22.976,120.2167,NULL,2019/6/6 8:55
262,aa560370,0,22.9759,120.2166,NULL,2019/6/6 8:58
263,aa560370,0,22.9758,120.2166,NULL,2019/6/6 8:58
264,aa560370,0,22.9761,120.217,NULL,2019/6/6 9:02
265,aa560370,0,22.9763,120.2168,NULL,2019/6/6 9:03
266,aa560370,0,22.9763,120.2166,NULL,2019/6/6 9:11
267,aa560370,0,22.9761,120.2167,NULL,2019/6/6 9:12
268,aa560370,0,22.9759,120.2169,NULL,2019/6/6 9:12
269,aa560370,0,22.9759,120.2169,NULL,2019/6/6 9:12
270,aa560370,0,22.9758,120.2172,NULL,2019/6/6 9:13
271,aa560370,0,22.9758,120.2172,NULL,2019/6/6 9:13
272,aa560370,0,22.9762,120.2176,NULL,2019/6/6 9:13
273,aa560370,0,22.9762,120.2176,NULL,2019/6/6 9:13
274,aaeec755,580,0,0,NULL,2019/6/6 9:14
275,aaeec755,580,0,0,NULL,2019/6/6 9:15
276,aaeec755,580,0,0,NULL,2019/6/6 9:15
277,aaeec755,579,0,0,NULL,2019/6/6 9:19
278,aaeec755,579,0,0,NULL,2019/6/6 9:19
279,aaeec755,579,0,0,NULL,2019/6/6 9:19
280,aaeec755,579,0,0,NULL,2019/6/6 9:22
281,aaeec755,579,0,0,NULL,2019/6/6 9:22
282,aaeec755,579,0,0,NULL,2019/6/6 9:22
283,aaeec755,577,0,0,NULL,2019/6/6 9:24
284,aaeec755,577,0,0,NULL,2019/6/6 9:24
285,aaeec755,577,0,0,NULL,2019/6/6 9:24
286,aaeec755,577,0,0,NULL,2019/6/6 9:24
287,aa560370,0,22.9761,120.2176,NULL,2019/6/6 9:26
288,aa560370,0,22.9761,120.2176,NULL,2019/6/6 9:26
289,aa560370,0,22.9761,120.2176,NULL,2019/6/6 9:26
290,aaeec755,577,0,0,NULL,2019/6/6 9:26
291,aa560370,0,22.9761,120.2176,NULL,2019/6/6 9:27
292,aa560370,0,22.9761,120.2177,NULL,2019/6/6 9:27
293,aa560370,0,22.9761,120.2176,NULL,2019/6/6 9:28
294,aa560370,0,22.976,120.2176,NULL,2019/6/6 9:28
295,aa560370,0,22.976,120.2176,NULL,2019/6/6 9:28
296,aa560370,0,22.9759,120.2175,NULL,2019/6/6 9:29
297,aa560370,0,22.9761,120.2176,NULL,2019/6/6 9:30
298,aa560370,0,22.9761,120.2176,NULL,2019/6/6 9:30
299,aa560370,0,22.9761,120.2176,NULL,2019/6/6 9:31
300,aa560370,0,22.9761,120.2176,NULL,2019/6/6 9:31
301,aa560370,0,22.9761,120.2176,NULL,2019/6/6 9:31
302,aa560370,0,22.9761,120.2176,NULL,2019/6/6 9:32
303,aaeec755,580,0,0,NULL,2019/6/6 9:32
304,aaeec755,580,0,0,NULL,2019/6/6 9:32
305,aa560370,0,22.9761,120.2176,NULL,2019/6/6 9:32
306,aa560370,0,22.9761,120.2176,NULL,2019/6/6 9:32
307,aa560370,0,22.9761,120.2176,NULL,2019/6/6 9:33
308,aa560370,0,22.9761,120.2175,NULL,2019/6/6 9:33
309,aa560370,0,22.9761,120.2175,NULL,2019/6/6 9:34
310,aa560370,0,22.976,120.2175,NULL,2019/6/6 9:34
311,aa560370,0,22.976,120.2175,NULL,2019/6/6 9:34
312,aaeec755,579,0,0,NULL,2019/6/6 9:34
313,aa560370,0,22.976,120.2175,NULL,2019/6/6 9:35
314,aa560370,0,22.976,120.2174,NULL,2019/6/6 9:35
315,aa51b9fc,543,0,0,NULL,2019/6/6 9:36
316,aa51b9fc,543,0,0,NULL,2019/6/6 9:36
317,aa560370,0,22.976,120.2174,NULL,2019/6/6 9:36
318,aa51b9fc,543,0,0,NULL,2019/6/6 9:36
319,aa51b9fc,543,0,0,NULL,2019/6/6 9:36
320,aa51b9fc,543,0,0,NULL,2019/6/6 9:36
321,aa51b9fc,543,0,0,NULL,2019/6/6 9:36
322,aa560370,0,22.976,120.2174,NULL,2019/6/6 9:36
323,aa0899ae,594,0,0,NULL,2019/6/6 9:36
324,aa1d3651,578,0,0,NULL,2019/6/6 9:36
325,aa51b9fc,543,0,0,NULL,2019/6/6 9:36
326,aa51b9fc,543,0,0,NULL,2019/6/6 9:36
327,aa1d3651,578,0,0,NULL,2019/6/6 9:36
328,aa51b9fc,543,0,0,NULL,2019/6/6 9:36
329,aa560370,0,22.976,120.2174,NULL,2019/6/6 9:37
330,aaeec755,579,0,0,NULL,2019/6/6 9:37
331,aa1d3651,578,0,0,NULL,2019/6/6 9:37
332,aa1d3651,578,0,0,NULL,2019/6/6 9:37
333,aaeec755,579,0,0,NULL,2019/6/6 9:37
334,aa1d3651,578,0,0,NULL,2019/6/6 9:37
335,aa1d3651,578,0,0,NULL,2019/6/6 9:38
336,aa1d3651,578,0,0,NULL,2019/6/6 9:38
337,aa1d3651,578,0,0,NULL,2019/6/6 9:38
338,aa1d3651,578,0,0,NULL,2019/6/6 9:38
339,aa1d3651,578,0,0,NULL,2019/6/6 9:38
340,aa1d3651,578,0,0,NULL,2019/6/6 9:38
341,aa560370,0,22.976,120.2174,NULL,2019/6/6 9:38
342,aa560370,0,22.976,120.2174,NULL,2019/6/6 9:38
343,aaeec755,579,0,0,NULL,2019/6/6 9:38
344,aa1d3651,578,0,0,NULL,2019/6/6 9:38
345,aa1d3651,578,0,0,NULL,2019/6/6 9:38
346,aa560370,0,22.976,120.2175,NULL,2019/6/6 9:39
347,aaeec755,577,0,0,NULL,2019/6/6 9:39
348,aa1d3651,576,0,0,NULL,2019/6/6 9:39
349,aa560370,0,22.9759,120.2175,NULL,2019/6/6 9:39
350,aa560370,0,22.9759,120.2175,NULL,2019/6/6 9:39
351,aa1d3651,576,0,0,NULL,2019/6/6 9:39
352,aaeec755,577,0,0,NULL,2019/6/6 9:39
353,aaeec755,577,0,0,NULL,2019/6/6 9:39
354,aa1d3651,576,0,0,NULL,2019/6/6 9:39
355,aa1d3651,576,0,0,NULL,2019/6/6 9:39
356,aa560370,0,22.976,120.2176,NULL,2019/6/6 9:39
357,aa560370,0,22.976,120.2176,NULL,2019/6/6 9:39
358,aaeec755,577,0,0,NULL,2019/6/6 9:40
359,aaeec755,577,0,0,NULL,2019/6/6 9:40
360,aaeec755,577,0,0,NULL,2019/6/6 9:40
361,aaeec755,577,0,0,NULL,2019/6/6 9:40
362,aaeec755,577,0,0,NULL,2019/6/6 9:40
363,aaeec755,577,0,0,NULL,2019/6/6 9:40
364,aaeec755,577,0,0,NULL,2019/6/6 9:41
365,aa560370,0,22.9758,120.2169,NULL,2019/6/6 9:41
366,aa560370,0,22.9759,120.2168,NULL,2019/6/6 9:41
367,aaeec755,577,0,0,NULL,2019/6/6 9:42
368,aa560370,0,22.976,120.2168,NULL,2019/6/6 9:42
369,aa51b9fc,560,0,0,NULL,2019/6/6 9:43
370,aa51b9fc,560,0,0,NULL,2019/6/6 9:43
371,aa560370,0,22.9761,120.2167,NULL,2019/6/6 9:43
372,aa560370,0,22.9761,120.2168,NULL,2019/6/6 9:44
373,aa560370,0,22.976,120.2168,NULL,2019/6/6 9:44
374,aa560370,0,22.976,120.2168,NULL,2019/6/6 9:44
375,aa560370,0,22.9759,120.2168,NULL,2019/6/6 9:45
376,aa560370,0,22.9759,120.2169,NULL,2019/6/6 9:45
377,aa560370,0,22.976,120.2169,NULL,2019/6/6 9:46
378,aa560370,0,22.976,120.2169,NULL,2019/6/6 9:46
379,aa560370,0,22.9759,120.2169,NULL,2019/6/6 9:46
380,aa560370,0,22.9759,120.2169,NULL,2019/6/6 9:47
381,aa560370,0,22.9759,120.2169,NULL,2019/6/6 9:47
382,aa560370,0,22.9759,120.2169,NULL,2019/6/6 9:48
383,aaeec755,577,0,0,NULL,2019/6/6 9:48
384,aa560370,0,22.9759,120.2169,NULL,2019/6/6 9:48
385,aa560370,0,22.9759,120.217,NULL,2019/6/6 9:49
386,aa51b9fc,564,0,0,NULL,2019/6/6 9:49
387,aa51b9fc,564,0,0,NULL,2019/6/6 9:49
388,aa560370,0,22.9759,120.2169,NULL,2019/6/6 9:49
389,aa560370,0,22.976,120.2169,NULL,2019/6/6 9:49
390,aa560370,0,22.976,120.2168,NULL,2019/6/6 9:50
391,aa560370,0,22.9759,120.2169,NULL,2019/6/6 9:50
392,aa51b9fc,564,0,0,NULL,2019/6/6 9:51
393,aa51b9fc,564,0,0,NULL,2019/6/6 9:51
394,aa51b9fc,564,0,0,NULL,2019/6/6 9:51
395,aa51b9fc,564,0,0,NULL,2019/6/6 9:51
396,aa560370,0,22.976,120.2168,NULL,2019/6/6 9:51
397,aa51b9fc,564,0,0,NULL,2019/6/6 9:51
398,aa51b9fc,564,0,0,NULL,2019/6/6 9:51
399,aa51b9fc,564,0,0,NULL,2019/6/6 9:51
400,aa51b9fc,564,0,0,NULL,2019/6/6 9:51
401,aa560370,0,22.9761,120.2168,NULL,2019/6/6 9:51
402,aa560370,0,22.976,120.2167,NULL,2019/6/6 9:52
403,aa51b9fc,564,0,0,NULL,2019/6/6 9:52
404,aa51b9fc,564,0,0,NULL,2019/6/6 9:52
405,aa51b9fc,570,0,0,NULL,2019/6/6 9:53
406,aa51b9fc,570,0,0,NULL,2019/6/6 9:53
407,aa560370,0,22.976,120.2168,NULL,2019/6/6 9:53
408,aa51b9fc,570,0,0,NULL,2019/6/6 9:53
409,aa51b9fc,570,0,0,NULL,2019/6/6 9:53
410,aa560370,0,22.976,120.2168,NULL,2019/6/6 9:54
411,aa51b9fc,570,0,0,NULL,2019/6/6 9:54
412,aa51b9fc,570,0,0,NULL,2019/6/6 9:54
413,aa560370,0,22.976,120.2168,NULL,2019/6/6 9:54
414,aa51b9fc,570,0,0,NULL,2019/6/6 9:55
415,aa51b9fc,570,0,0,NULL,2019/6/6 9:55
416,aa560370,0,22.9761,120.2168,NULL,2019/6/6 9:55
417,aa560370,0,22.9761,120.2168,NULL,2019/6/6 9:56
418,aa560370,0,22.976,120.2169,NULL,2019/6/6 9:56
419,aa560370,0,22.9761,120.2167,NULL,2019/6/6 9:57
420,aa560370,0,22.976,120.2168,NULL,2019/6/6 9:57
421,aa560370,0,22.976,120.2167,NULL,2019/6/6 9:59
422,aa560370,0,22.976,120.2167,NULL,2019/6/6 9:59
423,aa560370,0,22.976,120.2168,NULL,2019/6/6 9:59
424,aa560370,0,22.9759,120.2169,NULL,2019/6/6 10:00
425,aa560370,0,22.9758,120.2169,NULL,2019/6/6 10:00
426,aaeec755,579,0,0,NULL,2019/6/6 10:01
427,aa560370,0,22.9758,120.2169,NULL,2019/6/6 10:01
428,aa560370,0,22.9759,120.2169,NULL,2019/6/6 10:01
429,aa560370,0,22.9759,120.2168,NULL,2019/6/6 10:02
430,aa560370,0,22.9759,120.2169,NULL,2019/6/6 10:02
431,aa560370,0,22.9759,120.2168,NULL,2019/6/6 10:02
432,aaeec755,579,0,0,NULL,2019/6/6 10:02
433,aaeec755,579,0,0,NULL,2019/6/6 10:03
434,aa560370,549,0,0,NULL,2019/6/6 10:03
435,aa560370,0,22.9761,120.2169,NULL,2019/6/6 10:03
436,aa560370,0,22.976,120.217,NULL,2019/6/6 10:04
437,aa560370,0,22.9759,120.2169,NULL,2019/6/6 10:04
438,aa560370,0,22.9759,120.217,NULL,2019/6/6 10:04
439,aa560370,0,22.9759,120.217,NULL,2019/6/6 10:05
440,aa560370,0,22.9759,120.2169,NULL,2019/6/6 10:05
441,aa560370,0,22.9759,120.2169,NULL,2019/6/6 10:06
442,aa560370,0,22.976,120.2169,NULL,2019/6/6 10:06
443,aa560370,0,22.976,120.2169,NULL,2019/6/6 10:07
444,aaeec755,576,0,0,NULL,2019/6/6 10:07
445,aa560370,0,22.976,120.2168,NULL,2019/6/6 10:07
446,aaeec755,576,0,0,NULL,2019/6/6 10:08
447,aa560370,0,22.976,120.2169,NULL,2019/6/6 10:08
448,aaeec755,576,0,0,NULL,2019/6/6 10:08
449,aaeec755,577,0,0,NULL,2019/6/6 10:08
450,aa560370,0,22.9761,120.2171,NULL,2019/6/6 10:08
451,aa560370,0,22.9761,120.2171,NULL,2019/6/6 10:08
452,aaeec755,577,0,0,NULL,2019/6/6 10:08
453,aaeec755,577,0,0,NULL,2019/6/6 10:08
454,aaeec755,577,0,0,NULL,2019/6/6 10:08
455,aa560370,0,22.9761,120.2173,NULL,2019/6/6 10:09
456,aaeec755,578,0,0,NULL,2019/6/6 10:09
457,aa560370,0,22.9763,120.2175,NULL,2019/6/6 10:09
458,aa560370,0,22.9764,120.2173,NULL,2019/6/6 10:10
459,aaeec755,578,0,0,NULL,2019/6/6 10:10
460,aa560370,0,22.9766,120.2173,NULL,2019/6/6 10:11
461,aa560370,0,22.9764,120.2174,NULL,2019/6/6 10:13
462,aa560370,0,22.9763,120.2175,NULL,2019/6/6 10:14
463,aa560370,0,22.976,120.2176,NULL,2019/6/6 10:14
464,aa51b9fc,595,0,0,NULL,2019/6/6 10:16
465,aa51b9fc,595,0,0,NULL,2019/6/6 10:16
466,aaeec755,579,0,0,NULL,2019/6/6 10:19
467,aaeec755,579,0,0,NULL,2019/6/6 10:20
468,aaeec755,579,0,0,NULL,2019/6/6 10:20
469,aaeec755,579,0,0,NULL,2019/6/6 10:20
470,aa560370,0,22.9766,120.2171,NULL,2019/6/6 10:20
471,aa560370,0,22.9766,120.2171,NULL,2019/6/6 10:20
472,aaeec755,579,0,0,NULL,2019/6/6 10:21
473,aa560370,0,22.9761,120.2175,NULL,2019/6/6 10:21
474,aa560370,0,22.9761,120.2175,NULL,2019/6/6 10:21
475,aa560370,0,22.9758,120.2176,NULL,2019/6/6 10:22
476,aa560370,0,22.976,120.2178,NULL,2019/6/6 10:22
477,aa560370,0,22.9753,120.2176,NULL,2019/6/6 10:22
478,aa560370,0,22.976,120.2177,NULL,2019/6/6 10:23
479,aa560370,0,22.9757,120.2177,NULL,2019/6/6 10:24
480,aa560370,0,22.9758,120.2175,NULL,2019/6/6 10:24
481,aaeec755,578,0,0,NULL,2019/6/6 10:24
482,aa560370,0,22.9758,120.2175,NULL,2019/6/6 10:25
483,aa560370,0,22.9759,120.2176,NULL,2019/6/6 10:25
484,aa560370,0,22.976,120.2176,NULL,2019/6/6 10:25
485,aa560370,0,22.9759,120.2176,NULL,2019/6/6 10:26
486,aa560370,0,22.976,120.2176,NULL,2019/6/6 10:26
487,aa560370,0,22.9761,120.2176,NULL,2019/6/6 10:27
488,aaeec755,578,0,0,NULL,2019/6/6 10:27
489,aa560370,0,22.976,120.2176,NULL,2019/6/6 10:27
490,aa560370,0,22.9759,120.2174,NULL,2019/6/6 10:27
491,aaeec755,578,0,0,NULL,2019/6/6 10:28
492,aaeec755,578,0,0,NULL,2019/6/6 10:28
493,aa560370,0,22.976,120.2176,NULL,2019/6/6 10:28
494,aa560370,0,22.9759,120.2177,NULL,2019/6/6 10:28
495,aa560370,0,22.9759,120.2176,NULL,2019/6/6 10:29
496,aa560370,0,22.9758,120.2176,NULL,2019/6/6 10:29
497,aa560370,0,22.9759,120.2176,NULL,2019/6/6 10:30
498,aa560370,0,22.976,120.2176,NULL,2019/6/6 10:30
499,aa560370,0,22.976,120.2176,NULL,2019/6/6 10:30
500,aa560370,0,22.9759,120.2176,NULL,2019/6/6 10:31
501,aaeec755,577,0,0,NULL,2019/6/6 10:31
502,aa560370,0,22.9759,120.2176,NULL,2019/6/6 10:31
503,aa560370,0,22.9759,120.2176,NULL,2019/6/6 10:31
504,aa560370,0,22.9761,120.2176,NULL,2019/6/6 10:32
505,aa560370,0,22.9761,120.2176,NULL,2019/6/6 10:32
506,aa560370,0,22.9761,120.2176,NULL,2019/6/6 10:32
507,aa560370,0,22.9761,120.2176,NULL,2019/6/6 10:32
508,aa560370,0,22.9761,120.2176,NULL,2019/6/6 10:32
509,aa560370,0,22.9761,120.2176,NULL,2019/6/6 10:32
510,aa560370,0,22.9761,120.2176,NULL,2019/6/6 10:33
511,aa560370,0,22.9761,120.2176,NULL,2019/6/6 10:33
512,aaeec755,577,0,0,NULL,2019/6/6 10:33
513,aa560370,0,22.9762,120.2176,NULL,2019/6/6 10:33
514,aa560370,0,22.9762,120.2176,NULL,2019/6/6 10:33
515,aaeec755,577,0,0,NULL,2019/6/6 10:33
516,aaeec755,577,0,0,NULL,2019/6/6 10:33
517,aa560370,0,22.9762,120.2177,NULL,2019/6/6 10:34
518,aa560370,0,22.9762,120.2177,NULL,2019/6/6 10:34
519,aa560370,0,22.9762,120.2178,NULL,2019/6/6 10:34
520,aa560370,0,22.9762,120.2178,NULL,2019/6/6 10:34
521,aa560370,0,22.9762,120.2177,NULL,2019/6/6 10:35
522,aa560370,0,22.9762,120.2177,NULL,2019/6/6 10:35
523,aaeec755,577,0,0,NULL,2019/6/6 10:35
524,aaeec755,577,0,0,NULL,2019/6/6 10:35
525,aa560370,0,22.9761,120.2176,NULL,2019/6/6 10:35
526,aa560370,0,22.9761,120.2176,NULL,2019/6/6 10:35
527,aa560370,0,22.9761,120.2177,NULL,2019/6/6 10:35
528,aa560370,0,22.9761,120.2177,NULL,2019/6/6 10:35
529,aa560370,0,22.9761,120.2177,NULL,2019/6/6 10:36
530,aa560370,0,22.9761,120.2177,NULL,2019/6/6 10:36
531,aa560370,0,22.9761,120.2176,NULL,2019/6/6 10:36
532,aa560370,0,22.9761,120.2176,NULL,2019/6/6 10:36
533,aa560370,0,22.9761,120.2176,NULL,2019/6/6 10:37
534,aa560370,0,22.9761,120.2176,NULL,2019/6/6 10:37
535,aa560370,0,22.9761,120.2172,NULL,2019/6/6 10:37
536,aa560370,0,22.9761,120.2172,NULL,2019/6/6 10:37
537,aa560370,0,22.9762,120.2177,NULL,2019/6/6 10:37
538,aa560370,0,22.9762,120.2177,NULL,2019/6/6 10:37
539,aa560370,0,22.9761,120.2178,NULL,2019/6/6 10:38
540,aa560370,0,22.9761,120.2178,NULL,2019/6/6 10:38
541,aa560370,0,22.9762,120.2176,NULL,2019/6/6 10:38
542,aa560370,0,22.9762,120.2176,NULL,2019/6/6 10:38
543,aa560370,0,22.976,120.2176,NULL,2019/6/6 10:39
544,aa560370,0,22.976,120.2176,NULL,2019/6/6 10:39
545,aa560370,0,22.9761,120.2177,NULL,2019/6/6 10:39
546,aa560370,0,22.9761,120.2177,NULL,2019/6/6 10:39
547,aa560370,0,22.9762,120.2178,NULL,2019/6/6 10:40
548,aa560370,0,22.9762,120.2178,NULL,2019/6/6 10:40
549,aa560370,0,22.976,120.2176,NULL,2019/6/6 10:40
550,aa560370,0,22.976,120.2176,NULL,2019/6/6 10:40
551,aa560370,0,22.976,120.2175,NULL,2019/6/6 10:40
552,aa560370,0,22.976,120.2175,NULL,2019/6/6 10:40
553,aa560370,0,22.9759,120.2174,NULL,2019/6/6 10:41
554,aa560370,0,22.9759,120.2174,NULL,2019/6/6 10:41
555,aa560370,0,22.9759,120.2174,NULL,2019/6/6 10:41
556,aa560370,0,22.9759,120.2174,NULL,2019/6/6 10:41
557,aa560370,0,22.9761,120.2174,NULL,2019/6/6 10:42
558,aa560370,0,22.9761,120.2174,NULL,2019/6/6 10:42
559,aaeec755,577,0,0,NULL,2019/6/6 10:42
560,aaeec755,577,0,0,NULL,2019/6/6 10:42
561,aa560370,0,22.9761,120.2177,NULL,2019/6/6 10:42
562,aa560370,0,22.9761,120.2177,NULL,2019/6/6 10:42
563,aa560370,0,22.9761,120.2177,NULL,2019/6/6 10:43
564,aa560370,0,22.9761,120.2177,NULL,2019/6/6 10:43
565,aaeec755,577,0,0,NULL,2019/6/6 10:43
566,aaeec755,577,0,0,NULL,2019/6/6 10:43
567,aa560370,0,22.9762,120.2175,NULL,2019/6/6 10:43
568,aa560370,0,22.9762,120.2175,NULL,2019/6/6 10:43
569,aa560370,0,22.9762,120.2176,NULL,2019/6/6 10:44
570,aa560370,0,22.9762,120.2176,NULL,2019/6/6 10:44
571,aa560370,0,22.9761,120.2176,NULL,2019/6/6 10:44
572,aa560370,0,22.9761,120.2176,NULL,2019/6/6 10:44
573,aa560370,0,22.9761,120.2176,NULL,2019/6/6 10:45
574,aa560370,0,22.9761,120.2176,NULL,2019/6/6 10:45
575,aa560370,0,22.9762,120.2176,NULL,2019/6/6 10:45
576,aa560370,0,22.9762,120.2176,NULL,2019/6/6 10:45
577,aa560370,0,22.9761,120.2176,NULL,2019/6/6 10:45
578,aa560370,0,22.9761,120.2176,NULL,2019/6/6 10:45
579,aa560370,0,22.9757,120.2175,NULL,2019/6/6 10:46
580,aa560370,0,22.9757,120.2175,NULL,2019/6/6 10:46
581,aa560370,0,22.9758,120.2172,NULL,2019/6/6 10:46
582,aa560370,0,22.9758,120.2172,NULL,2019/6/6 10:46
583,aa560370,0,22.9759,120.2176,NULL,2019/6/6 10:47
584,aa560370,0,22.9759,120.2176,NULL,2019/6/6 10:47
585,aaeec755,576,0,0,NULL,2019/6/6 10:47
586,aaeec755,576,0,0,NULL,2019/6/6 10:47
587,aa560370,0,22.976,120.2175,NULL,2019/6/6 10:47
588,aa560370,0,22.976,120.2175,NULL,2019/6/6 10:47
589,aaeec755,576,0,0,NULL,2019/6/6 10:47
590,aaeec755,576,0,0,NULL,2019/6/6 10:47
591,aa560370,0,22.9761,120.2178,NULL,2019/6/6 10:48
592,aa560370,0,22.9761,120.2178,NULL,2019/6/6 10:48
593,aa560370,0,22.9762,120.2175,NULL,2019/6/6 10:48
594,aa560370,0,22.9762,120.2175,NULL,2019/6/6 10:48
595,aa560370,0,22.9761,120.2177,NULL,2019/6/6 10:49
596,aa560370,0,22.9761,120.2177,NULL,2019/6/6 10:49
597,aa560370,0,22.9761,120.2176,NULL,2019/6/6 10:50
598,aa560370,0,22.9761,120.2176,NULL,2019/6/6 10:50
599,aaeec755,578,0,0,NULL,2019/6/6 10:50
600,aaeec755,578,0,0,NULL,2019/6/6 10:50
601,aa560370,0,22.9761,120.2172,NULL,2019/6/6 10:50
602,aa560370,0,22.9761,120.2172,NULL,2019/6/6 10:50
603,aa560370,0,22.9761,120.2177,NULL,2019/6/6 10:51
604,aa560370,0,22.9761,120.2177,NULL,2019/6/6 10:51
605,aa560370,0,22.9761,120.2179,NULL,2019/6/6 10:52
606,aa560370,0,22.9761,120.2179,NULL,2019/6/6 10:52
607,aaeec755,578,0,0,NULL,2019/6/6 10:52
608,aaeec755,578,0,0,NULL,2019/6/6 10:52
609,aa560370,0,22.9761,120.2174,NULL,2019/6/6 10:53
610,aa560370,0,22.9761,120.2174,NULL,2019/6/6 10:53
611,aa560370,0,22.9761,120.2172,NULL,2019/6/6 10:53
612,aa560370,0,22.9761,120.2172,NULL,2019/6/6 10:53
613,aa560370,0,22.9761,120.2173,NULL,2019/6/6 10:53
614,aa560370,0,22.9761,120.2173,NULL,2019/6/6 10:53
615,aaeec755,578,0,0,NULL,2019/6/6 10:54
616,aaeec755,578,0,0,NULL,2019/6/6 10:54
617,aa560370,0,22.9761,120.2175,NULL,2019/6/6 10:54
618,aa560370,0,22.9761,120.2175,NULL,2019/6/6 10:54
619,aaeec755,575,0,0,NULL,2019/6/6 10:54
620,aaeec755,575,0,0,NULL,2019/6/6 10:54
621,aa560370,0,22.9762,120.2175,NULL,2019/6/6 10:54
622,aa560370,0,22.9762,120.2175,NULL,2019/6/6 10:54
623,aa560370,0,22.9762,120.2174,NULL,2019/6/6 10:55
624,aa560370,0,22.9762,120.2174,NULL,2019/6/6 10:55
625,aa560370,0,22.9762,120.2174,NULL,2019/6/6 10:55
626,aa560370,0,22.9762,120.2174,NULL,2019/6/6 10:55
627,aa560370,0,22.9762,120.2174,NULL,2019/6/6 10:55
628,aa560370,0,22.9762,120.2174,NULL,2019/6/6 10:55
629,aa560370,0,22.9762,120.2175,NULL,2019/6/6 10:56
630,aa560370,0,22.9762,120.2175,NULL,2019/6/6 10:56
631,aa560370,0,22.9763,120.2175,NULL,2019/6/6 10:56
632,aa560370,0,22.9763,120.2175,NULL,2019/6/6 10:56
633,aa560370,0,22.9762,120.2173,NULL,2019/6/6 10:57
634,aa560370,0,22.9762,120.2173,NULL,2019/6/6 10:57
635,aa560370,0,22.9763,120.2173,NULL,2019/6/6 10:57
636,aa560370,0,22.9763,120.2173,NULL,2019/6/6 10:57
637,aa560370,0,22.9764,120.2173,NULL,2019/6/6 10:58
638,aa560370,0,22.9764,120.2173,NULL,2019/6/6 10:58
639,aa560370,0,22.9763,120.2173,NULL,2019/6/6 10:58
640,aa560370,0,22.9763,120.2173,NULL,2019/6/6 10:58
641,aa560370,0,22.9762,120.2173,NULL,2019/6/6 10:58
642,aa560370,0,22.9762,120.2173,NULL,2019/6/6 10:58
643,aa560370,0,22.9761,120.2173,NULL,2019/6/6 10:59
644,aa560370,0,22.9761,120.2173,NULL,2019/6/6 10:59
645,aaeec755,577,0,0,NULL,2019/6/6 10:59
646,aaeec755,577,0,0,NULL,2019/6/6 10:59
647,aaeec755,577,0,0,NULL,2019/6/6 10:59
648,aaeec755,577,0,0,NULL,2019/6/6 10:59
649,aa560370,0,22.9761,120.2173,NULL,2019/6/6 10:59
650,aa560370,0,22.9761,120.2173,NULL,2019/6/6 10:59
651,aaeec755,577,0,0,NULL,2019/6/6 10:59
652,aaeec755,577,0,0,NULL,2019/6/6 10:59
653,aa560370,0,22.9761,120.2173,NULL,2019/6/6 11:00
654,aa560370,0,22.9761,120.2173,NULL,2019/6/6 11:00
655,aaeec755,577,0,0,NULL,2019/6/6 11:00
656,aaeec755,577,0,0,NULL,2019/6/6 11:00
657,aa560370,0,22.976,120.2172,NULL,2019/6/6 11:00
658,aa560370,0,22.976,120.2172,NULL,2019/6/6 11:00
659,aa560370,0,22.976,120.2172,NULL,2019/6/6 11:00
660,aa560370,0,22.976,120.2172,NULL,2019/6/6 11:00
661,aa560370,0,22.9761,120.2172,NULL,2019/6/6 11:01
662,aa560370,0,22.9761,120.2172,NULL,2019/6/6 11:01
663,aaeec755,577,0,0,NULL,2019/6/6 11:01
664,aaeec755,577,0,0,NULL,2019/6/6 11:01
665,aaeec755,577,0,0,NULL,2019/6/6 11:01
666,aaeec755,577,0,0,NULL,2019/6/6 11:01
667,aa560370,0,22.976,120.2172,NULL,2019/6/6 11:01
668,aa560370,0,22.976,120.2172,NULL,2019/6/6 11:01
669,aaeec755,577,0,0,NULL,2019/6/6 11:02
670,aaeec755,577,0,0,NULL,2019/6/6 11:02
671,aa560370,0,22.9761,120.2172,NULL,2019/6/6 11:02
672,aa560370,0,22.9761,120.2172,NULL,2019/6/6 11:02
673,aaeec755,577,0,0,NULL,2019/6/6 11:02
674,aaeec755,577,0,0,NULL,2019/6/6 11:02
675,aa560370,0,22.9761,120.2174,NULL,2019/6/6 11:02
676,aa560370,0,22.9761,120.2174,NULL,2019/6/6 11:02
677,aaeec755,577,0,0,NULL,2019/6/6 11:02
678,aaeec755,577,0,0,NULL,2019/6/6 11:02
679,aa560370,0,22.9762,120.2176,NULL,2019/6/6 11:03
680,aa560370,0,22.9762,120.2176,NULL,2019/6/6 11:03
681,aa560370,0,22.9762,120.2175,NULL,2019/6/6 11:03
682,aa560370,0,22.9762,120.2175,NULL,2019/6/6 11:03
683,aa560370,0,22.9762,120.2175,NULL,2019/6/6 11:03
684,aa560370,0,22.9762,120.2175,NULL,2019/6/6 11:03
685,aa560370,0,22.9761,120.2175,NULL,2019/6/6 11:04
686,aa560370,0,22.9761,120.2175,NULL,2019/6/6 11:04
687,aaeec755,576,0,0,NULL,2019/6/6 11:04
688,aaeec755,576,0,0,NULL,2019/6/6 11:04
689,aa560370,0,22.976,120.2174,NULL,2019/6/6 11:04
690,aa560370,0,22.976,120.2174,NULL,2019/6/6 11:04
691,aa560370,0,22.976,120.2177,NULL,2019/6/6 11:05
692,aa560370,0,22.976,120.2177,NULL,2019/6/6 11:05
693,aaeec755,576,0,0,NULL,2019/6/6 11:05
694,aaeec755,576,0,0,NULL,2019/6/6 11:05
695,aa560370,540,0,0,NULL,2019/6/6 11:06
696,aa560370,540,0,0,NULL,2019/6/6 11:06
697,aa560370,0,22.9756,120.2165,NULL,2019/6/6 11:06
698,aa560370,0,22.9756,120.2165,NULL,2019/6/6 11:06
699,aa560370,0,22.976,120.2173,NULL,2019/6/6 11:06
700,aa560370,0,22.976,120.2173,NULL,2019/6/6 11:06
701,aa560370,0,22.976,120.2171,NULL,2019/6/6 11:07
702,aa560370,0,22.976,120.2171,NULL,2019/6/6 11:07
703,aa560370,0,22.9761,120.2173,NULL,2019/6/6 11:07
704,aa560370,0,22.9761,120.2173,NULL,2019/6/6 11:07
705,aa560370,0,22.9761,120.2174,NULL,2019/6/6 11:08
706,aa560370,0,22.9761,120.2174,NULL,2019/6/6 11:08
707,aa560370,0,22.9761,120.2175,NULL,2019/6/6 11:08
708,aa560370,0,22.9761,120.2175,NULL,2019/6/6 11:08
709,aaeec755,576,0,0,NULL,2019/6/6 11:08
710,aaeec755,576,0,0,NULL,2019/6/6 11:08
711,aa560370,0,22.9761,120.2175,NULL,2019/6/6 11:09
712,aa560370,0,22.9761,120.2175,NULL,2019/6/6 11:09
713,aa560370,0,22.9761,120.2174,NULL,2019/6/6 11:09
714,aa560370,0,22.9761,120.2174,NULL,2019/6/6 11:09
715,aa560370,0,22.9761,120.2174,NULL,2019/6/6 11:09
716,aa560370,0,22.9761,120.2174,NULL,2019/6/6 11:09
717,aaeec755,575,0,0,NULL,2019/6/6 11:09
718,aaeec755,575,0,0,NULL,2019/6/6 11:09
719,aa560370,0,22.9761,120.2174,NULL,2019/6/6 11:10
720,aa560370,0,22.9761,120.2174,NULL,2019/6/6 11:10
721,aa560370,0,22.9761,120.2174,NULL,2019/6/6 11:10
722,aa560370,0,22.9761,120.2174,NULL,2019/6/6 11:10
723,aa560370,0,22.9761,120.2174,NULL,2019/6/6 11:11
724,aa560370,0,22.9761,120.2174,NULL,2019/6/6 11:11
725,aaeec755,575,0,0,NULL,2019/6/6 11:11
726,aaeec755,575,0,0,NULL,2019/6/6 11:11
727,aa560370,0,22.9761,120.2174,NULL,2019/6/6 11:11
728,aa560370,0,22.9761,120.2174,NULL,2019/6/6 11:11
729,aa560370,0,22.9761,120.2174,NULL,2019/6/6 11:11
730,aa560370,0,22.9761,120.2174,NULL,2019/6/6 11:11
731,aa560370,0,22.9761,120.2175,NULL,2019/6/6 11:12
732,aa560370,0,22.9761,120.2175,NULL,2019/6/6 11:12
733,aa560370,0,22.9762,120.2176,NULL,2019/6/6 11:12
734,aa560370,0,22.9762,120.2176,NULL,2019/6/6 11:12
735,aa560370,0,22.9761,120.2176,NULL,2019/6/6 11:13
736,aa560370,0,22.9761,120.2176,NULL,2019/6/6 11:13
737,aa560370,0,22.9761,120.2176,NULL,2019/6/6 11:13
738,aa560370,0,22.9761,120.2176,NULL,2019/6/6 11:13
739,aa560370,0,22.9762,120.2176,NULL,2019/6/6 11:14
740,aa560370,0,22.9762,120.2176,NULL,2019/6/6 11:14
741,aa560370,0,22.9762,120.2176,NULL,2019/6/6 11:14
742,aa560370,0,22.9762,120.2176,NULL,2019/6/6 11:14
743,aa560370,0,22.9762,120.2176,NULL,2019/6/6 11:14
744,aa560370,0,22.9762,120.2176,NULL,2019/6/6 11:14
745,aa560370,0,22.9762,120.2176,NULL,2019/6/6 11:15
746,aa560370,0,22.9762,120.2176,NULL,2019/6/6 11:15
747,aa560370,0,22.9762,120.2176,NULL,2019/6/6 11:15
748,aa560370,0,22.9762,120.2176,NULL,2019/6/6 11:15
749,aa560370,0,22.9762,120.2176,NULL,2019/6/6 11:16
750,aa560370,0,22.9762,120.2176,NULL,2019/6/6 11:16
751,aaeec755,576,0,0,NULL,2019/6/6 11:16
752,aaeec755,576,0,0,NULL,2019/6/6 11:16
753,aa560370,0,22.9761,120.2175,NULL,2019/6/6 11:16
754,aa560370,0,22.9761,120.2175,NULL,2019/6/6 11:16
755,aaeec755,576,0,0,NULL,2019/6/6 11:16
756,aaeec755,576,0,0,NULL,2019/6/6 11:16
757,aa560370,0,22.9761,120.2175,NULL,2019/6/6 11:16
758,aa560370,0,22.9761,120.2175,NULL,2019/6/6 11:16
759,aaeec755,576,0,0,NULL,2019/6/6 11:17
760,aaeec755,576,0,0,NULL,2019/6/6 11:17
761,aa560370,0,22.9762,120.2175,NULL,2019/6/6 11:17
762,aa560370,0,22.9762,120.2175,NULL,2019/6/6 11:17
763,aa560370,0,22.9761,120.2175,NULL,2019/6/6 11:18
764,aa560370,0,22.9761,120.2175,NULL,2019/6/6 11:18
765,aac8ea21,575,0,0,NULL,2019/6/6 11:18
766,aac8ea21,575,0,0,NULL,2019/6/6 11:18
767,aa560370,0,22.9762,120.2175,NULL,2019/6/6 11:18
768,aac8ea21,575,0,0,NULL,2019/6/6 11:18
769,aac8ea21,575,0,0,NULL,2019/6/6 11:19
770,aa560370,0,22.9762,120.2176,NULL,2019/6/6 11:19
771,aa560370,0,22.9762,120.2175,NULL,2019/6/6 11:19
772,aac8ea21,575,0,0,NULL,2019/6/6 11:19
773,aa560370,0,22.9761,120.2175,NULL,2019/6/6 11:20
774,aa560370,0,22.9761,120.2175,NULL,2019/6/6 11:20
775,aa560370,0,22.9761,120.2174,NULL,2019/6/6 11:20
776,aa560370,0,22.9761,120.2174,NULL,2019/6/6 11:20
777,aaeec755,577,0,0,NULL,2019/6/6 11:20
778,aaeec755,577,0,0,NULL,2019/6/6 11:20
779,aac8ea21,575,0,0,NULL,2019/6/6 11:21
780,aa560370,0,22.9761,120.2174,NULL,2019/6/6 11:21
781,aa560370,0,22.9761,120.2174,NULL,2019/6/6 11:21
782,aac8ea21,575,0,0,NULL,2019/6/6 11:21
783,aac8ea21,575,0,0,NULL,2019/6/6 11:21
784,aac8ea21,575,0,0,NULL,2019/6/6 11:21
785,aac8ea21,575,0,0,NULL,2019/6/6 11:21
786,aa560370,0,22.9761,120.2175,NULL,2019/6/6 11:21
787,aa560370,0,22.9761,120.2175,NULL,2019/6/6 11:21
788,aa560370,0,22.9761,120.2174,NULL,2019/6/6 11:21
789,aa560370,0,22.9761,120.2174,NULL,2019/6/6 11:21
790,aa560370,0,22.9761,120.2175,NULL,2019/6/6 11:22
791,aa560370,0,22.9761,120.2175,NULL,2019/6/6 11:22
792,aa560370,0,22.9762,120.2175,NULL,2019/6/6 11:22
793,aa560370,0,22.9762,120.2175,NULL,2019/6/6 11:22
794,aa560370,0,22.9763,120.2176,NULL,2019/6/6 11:23
795,aa560370,0,22.9763,120.2176,NULL,2019/6/6 11:23
796,aa560370,0,22.9762,120.2176,NULL,2019/6/6 11:23
797,aa560370,0,22.9762,120.2176,NULL,2019/6/6 11:23
798,aa560370,0,22.9762,120.2175,NULL,2019/6/6 11:24
799,aa560370,0,22.9762,120.2175,NULL,2019/6/6 11:24
800,aa560370,0,22.9762,120.2176,NULL,2019/6/6 11:24
801,aa560370,0,22.9762,120.2176,NULL,2019/6/6 11:24
802,aa560370,0,22.9762,120.2176,NULL,2019/6/6 11:24
803,aa560370,0,22.9762,120.2176,NULL,2019/6/6 11:24
804,aaeec755,578,0,0,NULL,2019/6/6 11:25
805,aaeec755,578,0,0,NULL,2019/6/6 11:25
806,aa560370,0,22.9762,120.2175,NULL,2019/6/6 11:25
807,aa560370,0,22.9762,120.2175,NULL,2019/6/6 11:25
808,aaeec755,578,0,0,NULL,2019/6/6 11:25
809,aaeec755,578,0,0,NULL,2019/6/6 11:25
810,aa560370,0,22.9762,120.2174,NULL,2019/6/6 11:26
811,aa560370,0,22.9762,120.2174,NULL,2019/6/6 11:26
812,aaeec755,578,0,0,NULL,2019/6/6 11:26
813,aaeec755,578,0,0,NULL,2019/6/6 11:26
814,aaeec755,578,0,0,NULL,2019/6/6 11:26
815,aaeec755,578,0,0,NULL,2019/6/6 11:26
816,aa560370,0,22.9762,120.2175,NULL,2019/6/6 11:26
817,aa560370,0,22.9762,120.2175,NULL,2019/6/6 11:26
818,aaeec755,578,0,0,NULL,2019/6/6 11:26
819,aaeec755,578,0,0,NULL,2019/6/6 11:26
820,aac8ea21,595,0,0,NULL,2019/6/6 11:27
821,aac8ea21,595,0,0,NULL,2019/6/6 11:27
822,aa560370,0,22.9762,120.2176,NULL,2019/6/6 11:27
823,aa560370,0,22.9762,120.2176,NULL,2019/6/6 11:27
824,aaeec755,578,0,0,NULL,2019/6/6 11:27
825,aaeec755,578,0,0,NULL,2019/6/6 11:27
826,aa560370,0,22.9762,120.2176,NULL,2019/6/6 11:27
827,aa560370,0,22.9762,120.2176,NULL,2019/6/6 11:27
828,aa560370,0,22.9761,120.2175,NULL,2019/6/6 11:28
829,aa560370,0,22.9761,120.2175,NULL,2019/6/6 11:28
830,aa560370,0,22.9761,120.2175,NULL,2019/6/6 11:28
831,aa560370,0,22.9761,120.2175,NULL,2019/6/6 11:28
832,aa560370,0,22.9759,120.2171,NULL,2019/6/6 11:29
833,aa560370,0,22.9759,120.2171,NULL,2019/6/6 11:29
834,aa560370,0,22.9761,120.2175,NULL,2019/6/6 11:29
835,aa560370,0,22.9761,120.2175,NULL,2019/6/6 11:29
836,aa560370,0,22.9761,120.2175,NULL,2019/6/6 11:29
837,aa560370,0,22.9761,120.2175,NULL,2019/6/6 11:29
838,aa560370,0,22.9761,120.2175,NULL,2019/6/6 11:30
839,aa560370,0,22.9761,120.2175,NULL,2019/6/6 11:30
840,aaeec755,576,0,0,NULL,2019/6/6 11:30
841,aaeec755,576,0,0,NULL,2019/6/6 11:30
842,aa560370,0,22.9761,120.2175,NULL,2019/6/6 11:30
843,aa560370,0,22.9761,120.2175,NULL,2019/6/6 11:30
844,aa560370,0,22.9762,120.2176,NULL,2019/6/6 11:31
845,aa560370,0,22.9762,120.2176,NULL,2019/6/6 11:31
846,aa560370,0,22.9761,120.2176,NULL,2019/6/6 11:31
847,aa560370,0,22.9761,120.2176,NULL,2019/6/6 11:31
848,aac8ea21,592,0,0,NULL,2019/6/6 11:31
849,aac8ea21,592,0,0,NULL,2019/6/6 11:31
850,aa560370,0,22.9761,120.2175,NULL,2019/6/6 11:31
851,aa560370,0,22.9761,120.2175,NULL,2019/6/6 11:31
852,aa560370,0,22.9762,120.2177,NULL,2019/6/6 11:32
853,aa560370,0,22.9762,120.2177,NULL,2019/6/6 11:32
854,aa560370,0,22.9761,120.2176,NULL,2019/6/6 11:32
855,aa560370,0,22.9761,120.2176,NULL,2019/6/6 11:32
856,aa560370,0,22.9761,120.2176,NULL,2019/6/6 11:33
857,aa560370,0,22.9761,120.2176,NULL,2019/6/6 11:33
858,aa560370,0,22.9761,120.2176,NULL,2019/6/6 11:33
859,aa560370,0,22.9761,120.2176,NULL,2019/6/6 11:33
860,aa560370,0,22.9761,120.2175,NULL,2019/6/6 11:34
861,aaeec756,575,0,0,NULL,2019/6/6 11:34
862,aaeec756,575,0,0,NULL,2019/6/6 11:34
863,aa560370,0,22.976,120.2174,NULL,2019/6/6 11:34
864,aa560370,0,22.976,120.2174,NULL,2019/6/6 11:34
865,aac8ea21,586,0,0,NULL,2019/6/6 11:34
866,aaeec756,575,0,0,NULL,2019/6/6 11:34
867,aaeec756,575,0,0,NULL,2019/6/6 11:34
868,aa560370,0,22.976,120.2173,NULL,2019/6/6 11:34
869,aa560370,0,22.976,120.2173,NULL,2019/6/6 11:34
870,aaeec756,575,0,0,NULL,2019/6/6 11:35
871,aaeec756,575,0,0,NULL,2019/6/6 11:35
872,aa560370,0,22.976,120.2173,NULL,2019/6/6 11:35
873,aa51b9fc,598,0,0,NULL,2019/6/6 11:35
874,aa51b9fc,598,0,0,NULL,2019/6/6 11:35
875,aaeec756,575,0,0,NULL,2019/6/6 11:35
876,aaeec756,575,0,0,NULL,2019/6/6 11:35
877,aa560370,0,22.976,120.2173,NULL,2019/6/6 11:35
878,aa560370,0,22.976,120.2173,NULL,2019/6/6 11:35
879,aa560370,0,22.976,120.2173,NULL,2019/6/6 11:36
880,aa560370,0,22.976,120.2173,NULL,2019/6/6 11:36
881,aa560370,0,22.976,120.2172,NULL,2019/6/6 11:36
882,aa560370,0,22.976,120.2172,NULL,2019/6/6 11:36
883,aa560370,0,22.9761,120.2174,NULL,2019/6/6 11:37
884,aa560370,0,22.9761,120.2174,NULL,2019/6/6 11:37
885,aa560370,0,22.9761,120.2174,NULL,2019/6/6 11:37
886,aa560370,0,22.9761,120.2174,NULL,2019/6/6 11:37
887,aa560370,0,22.976,120.2174,NULL,2019/6/6 11:37
888,aa560370,0,22.976,120.2174,NULL,2019/6/6 11:37
889,aa560370,0,22.976,120.2173,NULL,2019/6/6 11:38
890,aa560370,0,22.976,120.2173,NULL,2019/6/6 11:38
891,aa560370,0,22.976,120.2173,NULL,2019/6/6 11:38
892,aa560370,0,22.976,120.2173,NULL,2019/6/6 11:38
893,aa560370,0,22.9761,120.2174,NULL,2019/6/6 11:39
894,aa560370,0,22.9761,120.2174,NULL,2019/6/6 11:39
895,aa560370,0,22.9761,120.2174,NULL,2019/6/6 11:39
896,aa560370,0,22.9761,120.2174,NULL,2019/6/6 11:39
897,aa560370,0,22.9762,120.2177,NULL,2019/6/6 11:39
898,aa560370,0,22.9762,120.2177,NULL,2019/6/6 11:39
899,aa560370,0,22.9762,120.2177,NULL,2019/6/6 11:40
900,aa560370,0,22.9762,120.2177,NULL,2019/6/6 11:40
901,aa560370,0,22.9761,120.2177,NULL,2019/6/6 11:40
902,aa560370,0,22.9761,120.2177,NULL,2019/6/6 11:40
903,aa560370,0,22.9761,120.2175,NULL,2019/6/6 11:41
904,aa560370,0,22.9761,120.2175,NULL,2019/6/6 11:41
905,aaeec756,575,0,0,NULL,2019/6/6 11:41
906,aaeec756,575,0,0,NULL,2019/6/6 11:41
907,aaeec756,575,0,0,NULL,2019/6/6 11:41
908,aaeec756,575,0,0,NULL,2019/6/6 11:41
909,aa560370,0,22.976,120.2173,NULL,2019/6/6 11:42
910,aa560370,0,22.976,120.2173,NULL,2019/6/6 11:42
911,aa560370,0,22.9761,120.2174,NULL,2019/6/6 11:42
912,aa560370,0,22.9761,120.2174,NULL,2019/6/6 11:42
913,aaeec756,575,0,0,NULL,2019/6/6 11:42
914,aaeec756,575,0,0,NULL,2019/6/6 11:42
915,aa560370,0,22.9761,120.2174,NULL,2019/6/6 11:43
916,aa560370,0,22.9761,120.2174,NULL,2019/6/6 11:43
917,aa560370,0,22.9761,120.2175,NULL,2019/6/6 11:43
918,aa560370,0,22.9761,120.2175,NULL,2019/6/6 11:43
919,aa560370,0,22.9761,120.2175,NULL,2019/6/6 11:44
920,aa560370,0,22.9761,120.2175,NULL,2019/6/6 11:44
921,aa560370,0,22.9762,120.2176,NULL,2019/6/6 11:44
922,aa560370,0,22.9762,120.2176,NULL,2019/6/6 11:44
923,aa560370,0,22.9762,120.2176,NULL,2019/6/6 11:44
924,aa560370,0,22.9762,120.2176,NULL,2019/6/6 11:44
925,aa560370,0,22.9762,120.2177,NULL,2019/6/6 11:45
926,aa560370,0,22.9762,120.2177,NULL,2019/6/6 11:45
927,aa560370,0,22.9762,120.2178,NULL,2019/6/6 11:45
928,aa560370,0,22.9762,120.2178,NULL,2019/6/6 11:45
929,aa560370,0,22.9761,120.2176,NULL,2019/6/6 11:46
930,aa560370,0,22.9761,120.2176,NULL,2019/6/6 11:46
931,aa560370,0,22.9761,120.2176,NULL,2019/6/6 11:46
932,aa560370,0,22.9761,120.2176,NULL,2019/6/6 11:46
933,aa560370,0,22.9761,120.2176,NULL,2019/6/6 11:47
934,aa560370,0,22.9761,120.2176,NULL,2019/6/6 11:47
935,aa560370,0,22.976,120.2175,NULL,2019/6/6 11:47
936,aa560370,0,22.976,120.2175,NULL,2019/6/6 11:47
937,aa560370,0,22.976,120.2175,NULL,2019/6/6 11:47
938,aa560370,0,22.976,120.2175,NULL,2019/6/6 11:47
939,aa560370,0,22.9761,120.2175,NULL,2019/6/6 11:48
940,aa560370,0,22.9761,120.2175,NULL,2019/6/6 11:48
941,aa560370,0,22.9761,120.2176,NULL,2019/6/6 11:48
942,aa560370,0,22.9761,120.2176,NULL,2019/6/6 11:48
943,aa560370,0,22.9761,120.2176,NULL,2019/6/6 11:49
944,aa560370,0,22.9761,120.2176,NULL,2019/6/6 11:49
945,aa560370,0,22.9761,120.2176,NULL,2019/6/6 11:49
946,aa560370,0,22.9761,120.2176,NULL,2019/6/6 11:49
947,aa560370,0,22.9761,120.2176,NULL,2019/6/6 11:49
948,aa560370,0,22.9761,120.2176,NULL,2019/6/6 11:49
949,aa560370,0,22.9761,120.2176,NULL,2019/6/6 11:50
950,aa560370,0,22.9761,120.2176,NULL,2019/6/6 11:50
951,aa560370,0,22.9761,120.2176,NULL,2019/6/6 11:50
952,aa560370,0,22.9761,120.2176,NULL,2019/6/6 11:50
953,aa560370,0,22.9762,120.2176,NULL,2019/6/6 11:51
954,aa560370,0,22.9762,120.2176,NULL,2019/6/6 11:51
955,aa560370,0,22.9761,120.2176,NULL,2019/6/6 11:51
956,aa560370,0,22.9761,120.2176,NULL,2019/6/6 11:51
957,aa560370,0,22.9761,120.2176,NULL,2019/6/6 11:52
958,aa560370,0,22.9761,120.2176,NULL,2019/6/6 11:52
959,aaeec756,575,0,0,NULL,2019/6/6 11:52
960,aaeec756,575,0,0,NULL,2019/6/6 11:52
961,aa560370,0,22.9762,120.2176,NULL,2019/6/6 11:52
962,aa560370,0,22.9762,120.2176,NULL,2019/6/6 11:52
963,aaeec756,575,0,0,NULL,2019/6/6 11:52
964,aaeec756,575,0,0,NULL,2019/6/6 11:52
965,aac8ea21,596,0,0,NULL,2019/6/6 11:52
966,aa560370,0,22.9762,120.2177,NULL,2019/6/6 11:52
967,aa560370,0,22.9762,120.2177,NULL,2019/6/6 11:52
968,aa560370,0,22.9762,120.2177,NULL,2019/6/6 11:53
969,aa560370,0,22.9762,120.2177,NULL,2019/6/6 11:53
970,aa560370,0,22.9762,120.2177,NULL,2019/6/6 11:53
971,aa560370,0,22.9762,120.2177,NULL,2019/6/6 11:53
972,aa560370,0,22.9762,120.2177,NULL,2019/6/6 11:54
973,aa560370,0,22.9762,120.2177,NULL,2019/6/6 11:54
974,aa51b9fc,597,0,0,NULL,2019/6/6 11:54
975,aa560370,0,22.9761,120.2177,NULL,2019/6/6 11:54
976,aa560370,0,22.9761,120.2177,NULL,2019/6/6 11:54
977,aa560370,0,22.9761,120.2176,NULL,2019/6/6 11:54
978,aa560370,0,22.9761,120.2176,NULL,2019/6/6 11:54
979,aa560370,0,22.9761,120.2176,NULL,2019/6/6 11:55
980,aa560370,0,22.9761,120.2176,NULL,2019/6/6 11:55
981,aaeec756,575,0,0,NULL,2019/6/6 11:55
982,aaeec756,575,0,0,NULL,2019/6/6 11:55
983,aa560370,0,22.9761,120.2177,NULL,2019/6/6 11:55
984,aa560370,0,22.9761,120.2177,NULL,2019/6/6 11:55
985,aa560370,0,22.9761,120.2176,NULL,2019/6/6 11:56
986,aa560370,0,22.9761,120.2176,NULL,2019/6/6 11:56
987,aa560370,0,22.9762,120.2177,NULL,2019/6/6 11:56
988,aa560370,0,22.9762,120.2177,NULL,2019/6/6 11:56
989,aa560370,0,22.9761,120.2177,NULL,2019/6/6 11:57
990,aa560370,0,22.9761,120.2177,NULL,2019/6/6 11:57
991,aa560370,0,22.9762,120.2176,NULL,2019/6/6 11:57
992,aa560370,0,22.9762,120.2176,NULL,2019/6/6 11:57
993,aa560370,0,22.9762,120.2176,NULL,2019/6/6 11:57
994,aa560370,0,22.9762,120.2176,NULL,2019/6/6 11:57
995,aa560370,0,22.9762,120.2176,NULL,2019/6/6 11:58
996,aa560370,0,22.9762,120.2176,NULL,2019/6/6 11:58
997,aa560370,0,22.9762,120.2176,NULL,2019/6/6 11:58
998,aa560370,0,22.9762,120.2176,NULL,2019/6/6 11:58
999,aa560370,0,22.9762,120.2177,NULL,2019/6/6 11:59
1000,aa560370,0,22.9762,120.2177,NULL,2019/6/6 11:59
1001,aa560370,0,22.9761,120.2176,NULL,2019/6/6 11:59
1002,aa560370,0,22.9761,120.2176,NULL,2019/6/6 11:59
1003,aa560370,0,22.9761,120.2176,NULL,2019/6/6 11:59
1004,aa560370,0,22.9761,120.2176,NULL,2019/6/6 12:00
1005,aa560370,0,22.9761,120.2176,NULL,2019/6/6 12:00
1006,aa560370,0,22.9761,120.2176,NULL,2019/6/6 12:00
1007,aa560370,0,22.9761,120.2176,NULL,2019/6/6 12:00
1008,aa560370,0,22.9761,120.2176,NULL,2019/6/6 12:01
1009,aa560370,0,22.9761,120.2176,NULL,2019/6/6 12:01
1010,aa560370,0,22.9761,120.2176,NULL,2019/6/6 12:01
1011,aa560370,0,22.9761,120.2176,NULL,2019/6/6 12:01
1012,aa560370,0,22.9762,120.2177,NULL,2019/6/6 12:02
1013,aa560370,0,22.9762,120.2177,NULL,2019/6/6 12:02
1014,aac8ea21,595,0,0,NULL,2019/6/6 12:02
1015,aac8ea21,595,0,0,NULL,2019/6/6 12:02
1016,aac8ea21,595,0,0,NULL,2019/6/6 12:02
1017,aaeec756,575,0,0,NULL,2019/6/6 12:02
1018,aaeec756,575,0,0,NULL,2019/6/6 12:02
1019,aa560370,0,22.9761,120.2178,NULL,2019/6/6 12:02
1020,aa560370,0,22.9761,120.2178,NULL,2019/6/6 12:02
1021,aaeec756,575,0,0,NULL,2019/6/6 12:02
1022,aaeec756,575,0,0,NULL,2019/6/6 12:02
1023,aaeec756,575,0,0,NULL,2019/6/6 12:02
1024,aaeec756,575,0,0,NULL,2019/6/6 12:02
1025,aa560370,0,22.9758,120.2173,NULL,2019/6/6 12:03
1026,aa560370,0,22.9758,120.2173,NULL,2019/6/6 12:03
1027,aa560370,0,22.9756,120.217,NULL,2019/6/6 12:03
1028,aa560370,0,22.9756,120.217,NULL,2019/6/6 12:03
1029,aa51b9fc,597,0,0,NULL,2019/6/6 12:03
1030,aa51b9fc,597,0,0,NULL,2019/6/6 12:03
1031,aaeec755,576,0,0,NULL,2019/6/6 12:03
1032,aa560370,0,22.9755,120.2169,NULL,2019/6/6 12:04
1033,aa560370,0,22.9755,120.2169,NULL,2019/6/6 12:04
1034,aa560370,0,22.9758,120.2173,NULL,2019/6/6 12:04
1035,aa560370,0,22.9758,120.2173,NULL,2019/6/6 12:04
1036,aa560370,0,22.9759,120.2174,NULL,2019/6/6 12:04
1037,aa560370,0,22.9759,120.2174,NULL,2019/6/6 12:04
1038,aa560370,0,22.9759,120.2174,NULL,2019/6/6 12:05
1039,aa560370,0,22.9759,120.2174,NULL,2019/6/6 12:05
1040,aa560370,0,22.9758,120.2172,NULL,2019/6/6 12:05
1041,aa560370,0,22.9758,120.2172,NULL,2019/6/6 12:05
1042,aa560370,0,22.9758,120.2173,NULL,2019/6/6 12:06
1043,aa560370,0,22.9758,120.2173,NULL,2019/6/6 12:06
1044,aa560370,0,22.9759,120.2174,NULL,2019/6/6 12:06
1045,aa560370,0,22.9759,120.2174,NULL,2019/6/6 12:06
1046,aaeec756,575,0,0,NULL,2019/6/6 12:06
1047,aaeec756,575,0,0,NULL,2019/6/6 12:06
1048,aa560370,0,22.9759,120.2174,NULL,2019/6/6 12:07
1049,aa560370,0,22.9759,120.2174,NULL,2019/6/6 12:07
1050,aaeec756,575,0,0,NULL,2019/6/6 12:07
1051,aaeec756,575,0,0,NULL,2019/6/6 12:07
1052,aa560370,0,22.976,120.2175,NULL,2019/6/6 12:07
1053,aa560370,0,22.976,120.2175,NULL,2019/6/6 12:07
1054,aaeec756,575,0,0,NULL,2019/6/6 12:07
1055,aaeec756,575,0,0,NULL,2019/6/6 12:07
1056,aa1d3651,574,0,0,NULL,2019/6/6 12:07
1057,aa1d3651,574,0,0,NULL,2019/6/6 12:07
1058,aa560370,0,22.9759,120.2175,NULL,2019/6/6 12:07
1059,aa560370,0,22.9759,120.2175,NULL,2019/6/6 12:07
1060,aa1d3651,574,0,0,NULL,2019/6/6 12:07
1061,aa1d3651,574,0,0,NULL,2019/6/6 12:08
1062,aa560370,0,22.976,120.2175,NULL,2019/6/6 12:08
1063,aa560370,0,22.976,120.2175,NULL,2019/6/6 12:08
1064,aa1d3651,574,0,0,NULL,2019/6/6 12:08
1065,aa560370,0,22.976,120.2175,NULL,2019/6/6 12:08
1066,aa560370,0,22.976,120.2175,NULL,2019/6/6 12:08
1067,aa560370,0,22.976,120.2175,NULL,2019/6/6 12:09
1068,aa560370,0,22.976,120.2175,NULL,2019/6/6 12:09
1069,aa1d3651,573,0,0,NULL,2019/6/6 12:09
1070,aa560370,0,22.976,120.2175,NULL,2019/6/6 12:09
1071,aa560370,0,22.976,120.2175,NULL,2019/6/6 12:09
1072,aa1d3651,573,0,0,NULL,2019/6/6 12:09
1073,aa1d3651,573,0,0,NULL,2019/6/6 12:09
1074,aa1d3651,573,0,0,NULL,2019/6/6 12:09
1075,aa560370,0,22.9762,120.2177,NULL,2019/6/6 12:09
1076,aa560370,0,22.9762,120.2177,NULL,2019/6/6 12:09
1077,aaeec756,577,0,0,NULL,2019/6/6 12:10
1078,aaeec756,577,0,0,NULL,2019/6/6 12:10
1079,aa1d3651,573,0,0,NULL,2019/6/6 12:10
1080,aa1d3651,573,0,0,NULL,2019/6/6 12:10
1081,aa1d3651,573,0,0,NULL,2019/6/6 12:10
1082,aa1d3651,573,0,0,NULL,2019/6/6 12:10
1083,aa560370,0,22.976,120.2176,NULL,2019/6/6 12:10
1084,aa560370,0,22.976,120.2176,NULL,2019/6/6 12:10
1085,aa1d3651,573,0,0,NULL,2019/6/6 12:10
1086,aaeec756,577,0,0,NULL,2019/6/6 12:10
1087,aaeec756,577,0,0,NULL,2019/6/6 12:10
1088,aa560370,0,22.9761,120.2177,NULL,2019/6/6 12:10
1089,aa560370,0,22.9761,120.2177,NULL,2019/6/6 12:10
1090,aa1d3651,573,0,0,NULL,2019/6/6 12:10
1091,aa560370,0,22.9762,120.2177,NULL,2019/6/6 12:11
1092,aa560370,0,22.9762,120.2177,NULL,2019/6/6 12:11
1093,aa560370,0,22.9761,120.2177,NULL,2019/6/6 12:11
1094,aa560370,0,22.9761,120.2177,NULL,2019/6/6 12:11
1095,aa1d3651,573,0,0,NULL,2019/6/6 12:11
1096,aa560370,0,22.9761,120.2176,NULL,2019/6/6 12:12
1097,aa560370,0,22.9761,120.2176,NULL,2019/6/6 12:12
1098,aa560370,0,22.9761,120.2176,NULL,2019/6/6 12:12
1099,aa560370,0,22.9761,120.2176,NULL,2019/6/6 12:12
1100,aa560370,0,22.9761,120.2177,NULL,2019/6/6 12:12
1101,aa560370,0,22.9761,120.2177,NULL,2019/6/6 12:12
1102,aa1d3651,573,0,0,NULL,2019/6/6 12:12
1103,aaeec756,577,0,0,NULL,2019/6/6 12:13
1104,aaeec756,577,0,0,NULL,2019/6/6 12:13
1105,aaeec756,577,0,0,NULL,2019/6/6 12:13
1106,aaeec756,577,0,0,NULL,2019/6/6 12:13
1107,aa560370,0,22.9761,120.2177,NULL,2019/6/6 12:13
1108,aa560370,0,22.9761,120.2177,NULL,2019/6/6 12:13
1109,aa560370,0,22.9763,120.2179,NULL,2019/6/6 12:14
1110,aa560370,0,22.9763,120.2179,NULL,2019/6/6 12:14
1111,aa560370,0,22.9763,120.2179,NULL,2019/6/6 12:14
1112,aa560370,0,22.9763,120.2179,NULL,2019/6/6 12:14
1113,aa560370,0,22.9763,120.2178,NULL,2019/6/6 12:15
1114,aa560370,0,22.9763,120.2178,NULL,2019/6/6 12:15
1115,aa560370,0,22.9763,120.2177,NULL,2019/6/6 12:15
1116,aa560370,0,22.9763,120.2177,NULL,2019/6/6 12:15
1117,aa560370,0,22.9761,120.2175,NULL,2019/6/6 12:15
1118,aa560370,0,22.9761,120.2175,NULL,2019/6/6 12:15
1119,aa1d3651,573,0,0,NULL,2019/6/6 12:16
1120,aa560370,0,22.9759,120.2174,NULL,2019/6/6 12:16
1121,aaeec756,575,0,0,NULL,2019/6/6 12:16
1122,aaeec756,575,0,0,NULL,2019/6/6 12:16
1123,aa560370,0,22.9759,120.2175,NULL,2019/6/6 12:16
1124,aa560370,0,22.9759,120.2175,NULL,2019/6/6 12:16
1125,aa560370,0,22.9761,120.2177,NULL,2019/6/6 12:17
1126,aa560370,0,22.9761,120.2177,NULL,2019/6/6 12:17
1127,aa560370,0,22.976,120.2174,NULL,2019/6/6 12:17
1128,aa560370,0,22.976,120.2174,NULL,2019/6/6 12:17
1129,aa560370,0,22.9758,120.2171,NULL,2019/6/6 12:17
1130,aa560370,0,22.9758,120.2171,NULL,2019/6/6 12:17
1131,aa560370,0,22.976,120.2174,NULL,2019/6/6 12:18
1132,aa560370,0,22.976,120.2174,NULL,2019/6/6 12:18
1133,aa0899ae,588,0,0,NULL,2019/6/6 12:18
1134,aa560370,0,22.9761,120.2176,NULL,2019/6/6 12:18
1135,aa560370,0,22.9761,120.2176,NULL,2019/6/6 12:18
1136,aaeec756,575,0,0,NULL,2019/6/6 12:19
1137,aaeec756,575,0,0,NULL,2019/6/6 12:19
1138,aa560370,0,22.9759,120.2173,NULL,2019/6/6 12:19
1139,aa560370,0,22.9759,120.2173,NULL,2019/6/6 12:19
1140,aa560370,0,22.9757,120.2171,NULL,2019/6/6 12:20
1141,aa560370,0,22.9757,120.2171,NULL,2019/6/6 12:20
1142,aa560370,0,22.9758,120.2174,NULL,2019/6/6 12:20
1143,aa560370,0,22.9758,120.2174,NULL,2019/6/6 12:20
1144,aa560370,0,22.976,120.2175,NULL,2019/6/6 12:20
1145,aa560370,0,22.976,120.2175,NULL,2019/6/6 12:20
1146,aa1d3651,573,0,0,NULL,2019/6/6 12:20
1147,aa1d3651,573,0,0,NULL,2019/6/6 12:21
1148,aa560370,0,22.976,120.2175,NULL,2019/6/6 12:21
1149,aa560370,0,22.976,120.2175,NULL,2019/6/6 12:21
1150,aa1d3651,573,0,0,NULL,2019/6/6 12:21
1151,aaeec756,575,0,0,NULL,2019/6/6 12:21
1152,aaeec756,575,0,0,NULL,2019/6/6 12:21
1153,aa560370,0,22.976,120.2176,NULL,2019/6/6 12:21
1154,aa560370,0,22.976,120.2176,NULL,2019/6/6 12:21
1155,aa560370,0,22.9761,120.2176,NULL,2019/6/6 12:22
1156,aa560370,0,22.9761,120.2176,NULL,2019/6/6 12:22
1157,aa560370,0,22.9761,120.2176,NULL,2019/6/6 12:22
1158,aa560370,0,22.9761,120.2176,NULL,2019/6/6 12:22
1159,aa560370,0,22.9759,120.2173,NULL,2019/6/6 12:22
1160,aa560370,0,22.9759,120.2173,NULL,2019/6/6 12:22
1161,aac8ea21,590,0,0,NULL,2019/6/6 12:23
1162,aa560370,0,22.976,120.2175,NULL,2019/6/6 12:23
1163,aa560370,0,22.976,120.2175,NULL,2019/6/6 12:23
1164,aa560370,0,22.976,120.2175,NULL,2019/6/6 12:23
1165,aa560370,0,22.976,120.2175,NULL,2019/6/6 12:23
1166,aac8ea21,590,0,0,NULL,2019/6/6 12:23
1167,aa560370,0,22.976,120.2175,NULL,2019/6/6 12:24
1168,aa560370,0,22.976,120.2175,NULL,2019/6/6 12:24
1169,aa560370,0,22.976,120.2175,NULL,2019/6/6 12:24
1170,aa560370,0,22.976,120.2175,NULL,2019/6/6 12:24
1171,aa560370,0,22.9759,120.2174,NULL,2019/6/6 12:25
1172,aa560370,0,22.976,120.2174,NULL,2019/6/6 12:25
1173,aa560370,0,22.976,120.2174,NULL,2019/6/6 12:25
1174,aa560370,0,22.976,120.2174,NULL,2019/6/6 12:25
1175,aa560370,0,22.976,120.2174,NULL,2019/6/6 12:25
1176,aa560370,0,22.976,120.2175,NULL,2019/6/6 12:26
1177,aa560370,0,22.976,120.2175,NULL,2019/6/6 12:26
1178,aa560370,0,22.976,120.2175,NULL,2019/6/6 12:26
1179,aa560370,0,22.976,120.2175,NULL,2019/6/6 12:26
1180,aa560370,0,22.9759,120.2174,NULL,2019/6/6 12:27
1181,aa560370,0,22.9759,120.2174,NULL,2019/6/6 12:27
1182,aa560370,0,22.9759,120.2174,NULL,2019/6/6 12:27
1183,aa560370,0,22.9759,120.2174,NULL,2019/6/6 12:27
1184,aa560370,0,22.9759,120.2174,NULL,2019/6/6 12:27
1185,aa560370,0,22.9759,120.2174,NULL,2019/6/6 12:27
1186,aa560370,0,22.976,120.2175,NULL,2019/6/6 12:28
1187,aa560370,0,22.976,120.2175,NULL,2019/6/6 12:28
1188,aa560370,0,22.976,120.2175,NULL,2019/6/6 12:28
1189,aa560370,0,22.976,120.2174,NULL,2019/6/6 12:29
1190,aa560370,0,22.976,120.2174,NULL,2019/6/6 12:29
1191,aa560370,0,22.976,120.2174,NULL,2019/6/6 12:29
1192,aa560370,0,22.976,120.2174,NULL,2019/6/6 12:29
1193,aa560370,0,22.976,120.2174,NULL,2019/6/6 12:30
1194,aa0899ae,588,0,0,NULL,2019/6/6 12:30
1195,aa560370,0,22.9759,120.2174,NULL,2019/6/6 12:30
1196,aa560370,0,22.9759,120.2174,NULL,2019/6/6 12:30
1197,aa560370,0,22.976,120.2174,NULL,2019/6/6 12:30
1198,aa560370,0,22.976,120.2174,NULL,2019/6/6 12:30
1199,aaeec756,572,0,0,NULL,2019/6/6 12:30
1200,aaeec756,572,0,0,NULL,2019/6/6 12:30
1201,aa1d3651,574,0,0,NULL,2019/6/6 12:31
1202,aa560370,0,22.9759,120.2174,NULL,2019/6/6 12:31
1203,aa560370,0,22.9759,120.2174,NULL,2019/6/6 12:31
1204,aa1d3651,574,0,0,NULL,2019/6/6 12:31
1205,aa560370,0,22.976,120.2175,NULL,2019/6/6 12:31
1206,aa560370,0,22.976,120.2175,NULL,2019/6/6 12:31
1207,aa1d3651,574,0,0,NULL,2019/6/6 12:31
1208,aaeec756,572,0,0,NULL,2019/6/6 12:32
1209,aaeec756,572,0,0,NULL,2019/6/6 12:32
1210,aa1d3651,574,0,0,NULL,2019/6/6 12:32
1211,aa1d3651,574,0,0,NULL,2019/6/6 12:32
1212,aa560370,0,22.976,120.2175,NULL,2019/6/6 12:32
1213,aa560370,0,22.976,120.2175,NULL,2019/6/6 12:32
1214,aa1d3651,574,0,0,NULL,2019/6/6 12:32
1215,aa560370,0,22.976,120.2174,NULL,2019/6/6 12:32
1216,aa560370,0,22.976,120.2174,NULL,2019/6/6 12:32
1217,aaeec756,572,0,0,NULL,2019/6/6 12:33
1218,aaeec756,572,0,0,NULL,2019/6/6 12:33
1219,aa560370,0,22.9761,120.2176,NULL,2019/6/6 12:33
1220,aa560370,0,22.9761,120.2176,NULL,2019/6/6 12:33
1221,aa560370,0,22.9761,120.2176,NULL,2019/6/6 12:33
1222,aa560370,0,22.9761,120.2176,NULL,2019/6/6 12:33
1223,aa560370,0,22.9761,120.2175,NULL,2019/6/6 12:34
1224,aa560370,0,22.9761,120.2175,NULL,2019/6/6 12:34
1225,aa560370,0,22.9761,120.2176,NULL,2019/6/6 12:34
1226,aa560370,0,22.9761,120.2176,NULL,2019/6/6 12:34
1227,aa1d3651,573,0,0,NULL,2019/6/6 12:34
1228,aa560370,0,22.9761,120.2176,NULL,2019/6/6 12:35
1229,aa560370,0,22.9761,120.2176,NULL,2019/6/6 12:35
1230,aa560370,0,22.9761,120.2176,NULL,2019/6/6 12:35
1231,aa560370,0,22.9761,120.2176,NULL,2019/6/6 12:35
1232,aa1d3651,573,0,0,NULL,2019/6/6 12:35
1233,aa560370,0,22.9761,120.2175,NULL,2019/6/6 12:35
1234,aa560370,0,22.9761,120.2175,NULL,2019/6/6 12:35
1235,aa1d3651,573,0,0,NULL,2019/6/6 12:36
1236,aa560370,0,22.9761,120.2175,NULL,2019/6/6 12:36
1237,aa560370,0,22.9761,120.2175,NULL,2019/6/6 12:36
1238,aa1d3651,573,0,0,NULL,2019/6/6 12:36
1239,aa560370,0,22.9761,120.2175,NULL,2019/6/6 12:36
1240,aa560370,0,22.9761,120.2175,NULL,2019/6/6 12:36
1241,aaeec756,575,0,0,NULL,2019/6/6 12:36
1242,aaeec756,575,0,0,NULL,2019/6/6 12:36
1243,aa560370,0,22.9761,120.2177,NULL,2019/6/6 12:37
1244,aa560370,0,22.9761,120.2177,NULL,2019/6/6 12:37
1245,aa1d3651,573,0,0,NULL,2019/6/6 12:37
1246,aaeec756,575,0,0,NULL,2019/6/6 12:37
1247,aaeec756,575,0,0,NULL,2019/6/6 12:37
1248,aa560370,0,22.9761,120.2176,NULL,2019/6/6 12:37
1249,aa560370,0,22.9761,120.2176,NULL,2019/6/6 12:37
1250,aa560370,0,22.976,120.2175,NULL,2019/6/6 12:37
1251,aa560370,0,22.976,120.2175,NULL,2019/6/6 12:37
1252,aa1d3651,573,0,0,NULL,2019/6/6 12:38
1253,aa1d3651,573,0,0,NULL,2019/6/6 12:38
1254,aa560370,0,22.976,120.2175,NULL,2019/6/6 12:38
1255,aa560370,0,22.976,120.2175,NULL,2019/6/6 12:38
1256,aa560370,0,22.9761,120.2176,NULL,2019/6/6 12:38
1257,aa560370,0,22.9761,120.2176,NULL,2019/6/6 12:38
1258,aa560370,0,22.976,120.2175,NULL,2019/6/6 12:39
1259,aa560370,0,22.976,120.2175,NULL,2019/6/6 12:39
1260,aa560370,0,22.976,120.2176,NULL,2019/6/6 12:39
1261,aa560370,0,22.976,120.2176,NULL,2019/6/6 12:39
1262,aa560370,0,22.976,120.2175,NULL,2019/6/6 12:40
1263,aa560370,0,22.976,120.2175,NULL,2019/6/6 12:40
1264,aa560370,0,22.976,120.2174,NULL,2019/6/6 12:40
1265,aa560370,0,22.976,120.2174,NULL,2019/6/6 12:40
1266,aa560370,0,22.976,120.2174,NULL,2019/6/6 12:40
1267,aa560370,0,22.976,120.2174,NULL,2019/6/6 12:40
1268,aa560370,0,22.976,120.2174,NULL,2019/6/6 12:41
1269,aa560370,0,22.976,120.2174,NULL,2019/6/6 12:41
1270,aa560370,0,22.976,120.2175,NULL,2019/6/6 12:41
1271,aa560370,0,22.976,120.2175,NULL,2019/6/6 12:41
1272,aa560370,0,22.9761,120.2175,NULL,2019/6/6 12:42
1273,aa560370,0,22.9761,120.2175,NULL,2019/6/6 12:42
1274,aa560370,0,22.9762,120.2176,NULL,2019/6/6 12:42
1275,aa560370,0,22.9762,120.2176,NULL,2019/6/6 12:42
1276,aa560370,0,22.9762,120.2176,NULL,2019/6/6 12:42
1277,aa560370,0,22.9762,120.2176,NULL,2019/6/6 12:42
1278,aa560370,0,22.9761,120.2177,NULL,2019/6/6 12:43
1279,aa560370,0,22.9761,120.2177,NULL,2019/6/6 12:43
1280,aa560370,0,22.9761,120.2176,NULL,2019/6/6 12:43
1281,aa560370,0,22.9761,120.2176,NULL,2019/6/6 12:43
1282,aa560370,0,22.9761,120.2176,NULL,2019/6/6 12:44
1283,aa560370,0,22.9761,120.2176,NULL,2019/6/6 12:44
1284,aa560370,0,22.9761,120.2176,NULL,2019/6/6 12:45
1285,aa560370,0,22.9761,120.2176,NULL,2019/6/6 12:45
1286,aa560370,0,22.9761,120.2176,NULL,2019/6/6 12:45
1287,aa560370,0,22.9761,120.2176,NULL,2019/6/6 12:45
1288,aa560370,0,22.9762,120.2176,NULL,2019/6/6 12:45
1289,aa560370,0,22.9762,120.2176,NULL,2019/6/6 12:45
1290,aaeec756,574,0,0,NULL,2019/6/6 12:46
1291,aaeec756,574,0,0,NULL,2019/6/6 12:46
1292,aa560370,0,22.9761,120.2176,NULL,2019/6/6 12:46
1293,aa0899ae,593,0,0,NULL,2019/6/6 12:46
1294,aa560370,0,22.9759,120.2174,NULL,2019/6/6 12:46
1295,aa560370,0,22.9759,120.2174,NULL,2019/6/6 12:46
1296,aaeec756,574,0,0,NULL,2019/6/6 12:47
1297,aaeec756,574,0,0,NULL,2019/6/6 12:47
1298,aa560370,0,22.9761,120.2176,NULL,2019/6/6 12:47
1299,aa560370,0,22.9761,120.2176,NULL,2019/6/6 12:47
1300,aaeec756,574,0,0,NULL,2019/6/6 12:47
1301,aaeec756,574,0,0,NULL,2019/6/6 12:47
1302,aa0899ae,593,0,0,NULL,2019/6/6 12:47
1303,aa560370,0,22.9761,120.2176,NULL,2019/6/6 12:47
1304,aa560370,0,22.9761,120.2176,NULL,2019/6/6 12:47
1305,aa560370,0,22.9761,120.2178,NULL,2019/6/6 12:48
1306,aa560370,0,22.9761,120.2178,NULL,2019/6/6 12:48
1307,aa560370,0,22.9762,120.2177,NULL,2019/6/6 12:48
1308,aa560370,0,22.9762,120.2177,NULL,2019/6/6 12:48
1309,aa560370,0,22.9762,120.2177,NULL,2019/6/6 12:48
1310,aa560370,0,22.9762,120.2177,NULL,2019/6/6 12:48
1311,aa560370,0,22.9762,120.2175,NULL,2019/6/6 12:49
1312,aa560370,0,22.9762,120.2175,NULL,2019/6/6 12:49
1313,aa560370,0,22.9762,120.2177,NULL,2019/6/6 12:49
1314,aa560370,0,22.9762,120.2177,NULL,2019/6/6 12:49
1315,aa560370,0,22.9761,120.2175,NULL,2019/6/6 12:50
1316,aa560370,0,22.9761,120.2175,NULL,2019/6/6 12:50
1317,aa1d3651,572,0,0,NULL,2019/6/6 12:50
1318,aa560370,0,22.9763,120.2178,NULL,2019/6/6 12:50
1319,aa560370,0,22.9763,120.2178,NULL,2019/6/6 12:50
1320,aa1d3651,572,0,0,NULL,2019/6/6 12:50
1321,aa1d3651,572,0,0,NULL,2019/6/6 12:50
1322,aa1d3651,572,0,0,NULL,2019/6/6 12:50
1323,aa560370,0,22.976,120.2175,NULL,2019/6/6 12:50
1324,aa560370,0,22.976,120.2175,NULL,2019/6/6 12:50
1325,aa1d3651,572,0,0,NULL,2019/6/6 12:50
1326,aa560370,0,22.9761,120.2175,NULL,2019/6/6 12:51
1327,aa560370,0,22.9761,120.2175,NULL,2019/6/6 12:51
1328,aa560370,0,22.9761,120.2175,NULL,2019/6/6 12:51
1329,aa560370,0,22.9761,120.2175,NULL,2019/6/6 12:51
1330,aa560370,0,22.9761,120.2176,NULL,2019/6/6 12:52
1331,aa560370,0,22.9761,120.2176,NULL,2019/6/6 12:52
1332,aa560370,0,22.9761,120.2176,NULL,2019/6/6 12:53
1333,aa560370,0,22.9761,120.2176,NULL,2019/6/6 12:53
1334,aa560370,0,22.9761,120.2176,NULL,2019/6/6 12:53
1335,aa560370,0,22.9761,120.2176,NULL,2019/6/6 12:53
1336,aa1d3651,568,0,0,NULL,2019/6/6 12:53
1337,aa1d3651,568,0,0,NULL,2019/6/6 12:53
1338,aa560370,0,22.9761,120.2176,NULL,2019/6/6 12:53
1339,aa560370,0,22.9761,120.2176,NULL,2019/6/6 12:53
1340,aa560370,0,22.9761,120.2175,NULL,2019/6/6 12:54
1341,aa560370,0,22.9761,120.2175,NULL,2019/6/6 12:54
1342,aa560370,0,22.9761,120.2175,NULL,2019/6/6 12:54
1343,aa560370,0,22.9761,120.2175,NULL,2019/6/6 12:54
1344,aa560370,0,22.9761,120.2175,NULL,2019/6/6 12:55
1345,aa560370,0,22.9761,120.2175,NULL,2019/6/6 12:55
1346,aa560370,0,22.9761,120.2175,NULL,2019/6/6 12:55
1347,aa560370,0,22.9761,120.2175,NULL,2019/6/6 12:55
1348,aa560370,0,22.9761,120.2175,NULL,2019/6/6 12:55
1349,aa560370,0,22.9761,120.2175,NULL,2019/6/6 12:55
1350,aa560370,0,22.976,120.2175,NULL,2019/6/6 12:56
1351,aa560370,0,22.976,120.2175,NULL,2019/6/6 12:56
1352,aa560370,0,22.976,120.2175,NULL,2019/6/6 12:56
1353,aa560370,0,22.976,120.2175,NULL,2019/6/6 12:56
1354,aaeec756,574,0,0,NULL,2019/6/6 12:56
1355,aaeec756,574,0,0,NULL,2019/6/6 12:56
1356,aaeec756,574,0,0,NULL,2019/6/6 12:57
1357,aaeec756,574,0,0,NULL,2019/6/6 12:57
1358,aa560370,0,22.976,120.2175,NULL,2019/6/6 12:57
1359,aa560370,0,22.976,120.2175,NULL,2019/6/6 12:57
1360,aa560370,0,22.976,120.2174,NULL,2019/6/6 12:57
1361,aa560370,0,22.976,120.2174,NULL,2019/6/6 12:57
1362,aa560370,0,22.976,120.2174,NULL,2019/6/6 12:58
1363,aa560370,0,22.976,120.2174,NULL,2019/6/6 12:58
1364,aa560370,0,22.9761,120.2175,NULL,2019/6/6 12:58
1365,aa560370,0,22.9761,120.2175,NULL,2019/6/6 12:58
1366,aa560370,0,22.9761,120.2175,NULL,2019/6/6 12:58
1367,aa560370,0,22.9761,120.2175,NULL,2019/6/6 12:58
1368,aa560370,0,22.9761,120.2175,NULL,2019/6/6 12:59
1369,aa560370,0,22.9761,120.2175,NULL,2019/6/6 12:59
1370,aaeec756,573,0,0,NULL,2019/6/6 12:59
1371,aaeec756,573,0,0,NULL,2019/6/6 12:59
1372,aa560370,0,22.9761,120.2175,NULL,2019/6/6 12:59
1373,aa560370,0,22.9761,120.2175,NULL,2019/6/6 12:59
1374,aa560370,0,22.976,120.2175,NULL,2019/6/6 13:00
1375,aa560370,0,22.976,120.2175,NULL,2019/6/6 13:00
1376,aa560370,0,22.976,120.2175,NULL,2019/6/6 13:00
1377,aa560370,0,22.976,120.2175,NULL,2019/6/6 13:00
1378,aa560370,0,22.976,120.2175,NULL,2019/6/6 13:00
1379,aa560370,0,22.976,120.2175,NULL,2019/6/6 13:00
1380,aa560370,0,22.9762,120.2176,NULL,2019/6/6 13:01
1381,aa560370,0,22.9762,120.2176,NULL,2019/6/6 13:01
1382,aa560370,0,22.9762,120.2176,NULL,2019/6/6 13:01
1383,aa560370,0,22.9762,120.2176,NULL,2019/6/6 13:01
1384,aa1d3651,569,0,0,NULL,2019/6/6 13:01
1385,aaeec756,573,0,0,NULL,2019/6/6 13:02
1386,aaeec756,573,0,0,NULL,2019/6/6 13:02
1387,aa560370,0,22.9762,120.2175,NULL,2019/6/6 13:02
1388,aa560370,0,22.9762,120.2175,NULL,2019/6/6 13:02
1389,aa560370,0,22.976,120.2174,NULL,2019/6/6 13:03
1390,aa560370,0,22.976,120.2174,NULL,2019/6/6 13:03
1391,aa560370,0,22.9761,120.2175,NULL,2019/6/6 13:03
1392,aa560370,0,22.9761,120.2175,NULL,2019/6/6 13:03
1393,aa560370,0,22.9761,120.2174,NULL,2019/6/6 13:04
1394,aa560370,0,22.9761,120.2174,NULL,2019/6/6 13:04
1395,aa560370,0,22.9759,120.2174,NULL,2019/6/6 13:04
1396,aa560370,0,22.9759,120.2174,NULL,2019/6/6 13:04
1397,aac8ea21,584,0,0,NULL,2019/6/6 13:04
1398,aa560370,0,22.9758,120.2174,NULL,2019/6/6 13:05
1399,aa560370,0,22.9758,120.2174,NULL,2019/6/6 13:05
1400,aa560370,0,22.9761,120.2176,NULL,2019/6/6 13:05
1401,aa560370,0,22.9761,120.2176,NULL,2019/6/6 13:05
1402,aa560370,0,22.9766,120.218,NULL,2019/6/6 13:06
1403,aa560370,0,22.9766,120.218,NULL,2019/6/6 13:06
1404,aa560370,0,22.9761,120.2176,NULL,2019/6/6 13:08
1405,aa560370,0,22.9761,120.2176,NULL,2019/6/6 13:08
1406,aa560370,0,22.976,120.2174,NULL,2019/6/6 13:08
1407,aa560370,0,22.976,120.2174,NULL,2019/6/6 13:08
1408,aa560370,0,22.976,120.2175,NULL,2019/6/6 13:08
1409,aa560370,0,22.976,120.2175,NULL,2019/6/6 13:08
1410,aaeec756,573,0,0,NULL,2019/6/6 13:09
1411,aaeec756,573,0,0,NULL,2019/6/6 13:09
1412,aa560370,0,22.9761,120.2176,NULL,2019/6/6 13:09
1413,aa560370,0,22.9761,120.2176,NULL,2019/6/6 13:09
1414,aa560370,0,22.9761,120.2176,NULL,2019/6/6 13:09
1415,aa560370,0,22.9761,120.2176,NULL,2019/6/6 13:09
1416,aa560370,0,22.9762,120.2177,NULL,2019/6/6 13:10
1417,aa560370,0,22.9762,120.2177,NULL,2019/6/6 13:10
1418,aa560370,0,22.9761,120.2176,NULL,2019/6/6 13:10
1419,aa560370,0,22.9761,120.2176,NULL,2019/6/6 13:10
1420,aaeec756,573,0,0,NULL,2019/6/6 13:10
1421,aaeec756,573,0,0,NULL,2019/6/6 13:10
1422,aa560370,0,22.9761,120.2176,NULL,2019/6/6 13:10
1423,aa560370,0,22.9761,120.2176,NULL,2019/6/6 13:10
1424,aa560370,0,22.9762,120.2176,NULL,2019/6/6 13:11
1425,aa560370,0,22.9762,120.2176,NULL,2019/6/6 13:11
1426,aa560370,0,22.9762,120.2176,NULL,2019/6/6 13:11
1427,aa560370,0,22.9762,120.2176,NULL,2019/6/6 13:11
1428,aa560370,0,22.9761,120.2176,NULL,2019/6/6 13:12
1429,aa560370,0,22.9761,120.2176,NULL,2019/6/6 13:12
1430,aaeec756,573,0,0,NULL,2019/6/6 13:12
1431,aaeec756,573,0,0,NULL,2019/6/6 13:12
1432,aa560370,0,22.9763,120.2175,NULL,2019/6/6 13:12
1433,aa560370,0,22.9763,120.2175,NULL,2019/6/6 13:12
1434,aa560370,0,22.9762,120.2176,NULL,2019/6/6 13:13
1435,aa560370,0,22.9762,120.2176,NULL,2019/6/6 13:13
1436,aa560370,0,22.9761,120.2177,NULL,2019/6/6 13:13
1437,aa560370,0,22.9761,120.2177,NULL,2019/6/6 13:13
1438,aa560370,0,22.9762,120.2177,NULL,2019/6/6 13:13
1439,aa560370,0,22.9762,120.2177,NULL,2019/6/6 13:13
1440,aa560370,0,22.9762,120.2176,NULL,2019/6/6 13:14
1441,aa560370,0,22.9762,120.2176,NULL,2019/6/6 13:14
1442,aa560370,0,22.9765,120.2179,NULL,2019/6/6 13:15
1443,aa1d3651,607,0,0,NULL,2019/6/6 13:15
1444,aa560370,0,22.9765,120.2179,NULL,2019/6/6 13:15
1445,aa560370,0,22.9763,120.2175,NULL,2019/6/6 13:15
1446,aa560370,0,22.9763,120.2175,NULL,2019/6/6 13:15
1447,aa560370,0,22.9762,120.2176,NULL,2019/6/6 13:15
1448,aa560370,0,22.9762,120.2176,NULL,2019/6/6 13:15
1449,aa560370,0,22.9762,120.2176,NULL,2019/6/6 13:16
1450,aa560370,0,22.9762,120.2176,NULL,2019/6/6 13:16
1451,aa560370,0,22.9761,120.2176,NULL,2019/6/6 13:16
1452,aa560370,0,22.9761,120.2176,NULL,2019/6/6 13:16
1453,aa560370,0,22.9761,120.2176,NULL,2019/6/6 13:17
1454,aa560370,0,22.9761,120.2176,NULL,2019/6/6 13:17
1455,aaeec756,575,0,0,NULL,2019/6/6 13:17
1456,aaeec756,575,0,0,NULL,2019/6/6 13:17
1457,aa560370,0,22.9763,120.2177,NULL,2019/6/6 13:17
1458,aa560370,0,22.9763,120.2177,NULL,2019/6/6 13:17
1459,aaeec756,575,0,0,NULL,2019/6/6 13:17
1460,aaeec756,575,0,0,NULL,2019/6/6 13:17
1461,aa560370,0,22.9762,120.2178,NULL,2019/6/6 13:18
1462,aa560370,0,22.9762,120.2178,NULL,2019/6/6 13:18
1463,aa560370,0,22.9762,120.2178,NULL,2019/6/6 13:18
1464,aa560370,0,22.9762,120.2178,NULL,2019/6/6 13:18
1465,aa560370,0,22.9761,120.2177,NULL,2019/6/6 13:18
1466,aa560370,0,22.9761,120.2177,NULL,2019/6/6 13:18
1467,aa560370,0,22.9762,120.2176,NULL,2019/6/6 13:19
1468,aa560370,0,22.9762,120.2176,NULL,2019/6/6 13:19
1469,aa560370,0,22.9763,120.2178,NULL,2019/6/6 13:19
1470,aa560370,0,22.9763,120.2178,NULL,2019/6/6 13:19
1471,aa560370,0,22.9761,120.2177,NULL,2019/6/6 13:20
1472,aa560370,0,22.9761,120.2177,NULL,2019/6/6 13:20
1473,aa560370,0,22.9761,120.2176,NULL,2019/6/6 13:20
1474,aa560370,0,22.9761,120.2176,NULL,2019/6/6 13:20
1475,aa7a5172,540,0,0,NULL,2019/6/6 13:20
1476,aa7a5172,540,0,0,NULL,2019/6/6 13:20
1477,aa560370,0,22.9758,120.2173,NULL,2019/6/6 13:22
1478,aa560370,0,22.9765,120.2176,NULL,2019/6/6 13:23
1479,aa560370,0,22.9765,120.2176,NULL,2019/6/6 13:23
1480,aa560370,0,22.9763,120.2172,NULL,2019/6/6 13:24
1481,aa560370,0,22.9763,120.2172,NULL,2019/6/6 13:24
1482,aa560370,0,22.9763,120.2172,NULL,2019/6/6 13:24
1483,aa560370,0,22.9763,120.2172,NULL,2019/6/6 13:24
1484,aa560370,0,22.9762,120.217,NULL,2019/6/6 13:25
1485,aa560370,0,22.9762,120.217,NULL,2019/6/6 13:25
1486,aa560370,0,22.9761,120.2172,NULL,2019/6/6 13:25
1487,aa560370,0,22.9761,120.2172,NULL,2019/6/6 13:25
1488,aa560370,0,22.9764,120.2178,NULL,2019/6/6 13:26
1489,aa560370,0,22.9764,120.2178,NULL,2019/6/6 13:26
1490,aa560370,0,22.9765,120.2178,NULL,2019/6/6 13:26
1491,aa560370,0,22.9765,120.2178,NULL,2019/6/6 13:26
1492,aa560370,0,22.9763,120.2177,NULL,2019/6/6 13:26
1493,aa560370,0,22.9763,120.2177,NULL,2019/6/6 13:26
1494,aa560370,0,22.9762,120.2177,NULL,2019/6/6 13:27
1495,aa560370,0,22.9762,120.2177,NULL,2019/6/6 13:27
1496,aa560370,0,22.9761,120.2176,NULL,2019/6/6 13:27
1497,aa560370,0,22.9761,120.2176,NULL,2019/6/6 13:27
1498,aa560370,0,22.9761,120.2176,NULL,2019/6/6 13:28
1499,aa560370,0,22.9761,120.2176,NULL,2019/6/6 13:28
1500,aa560370,0,22.976,120.2176,NULL,2019/6/6 13:28
1501,aa560370,0,22.976,120.2176,NULL,2019/6/6 13:28
1502,aa560370,0,22.976,120.2175,NULL,2019/6/6 13:28
1503,aa560370,0,22.976,120.2175,NULL,2019/6/6 13:28
1504,aa560370,0,22.9759,120.2175,NULL,2019/6/6 13:29
1505,aa560370,0,22.9759,120.2175,NULL,2019/6/6 13:29
1506,aa560370,0,22.9761,120.2176,NULL,2019/6/6 13:29
1507,aa560370,0,22.9761,120.2176,NULL,2019/6/6 13:29
1508,aa560370,0,22.9761,120.2175,NULL,2019/6/6 13:30
1509,aa560370,0,22.9761,120.2175,NULL,2019/6/6 13:30
1510,aa7a5172,0,22.9761,120.2172,NULL,2019/6/6 13:30
1511,aa7a5172,0,22.9761,120.2172,NULL,2019/6/6 13:30
1512,aa560370,0,22.9761,120.2175,NULL,2019/6/6 13:30
1513,aa560370,0,22.9761,120.2175,NULL,2019/6/6 13:30
1514,aa7a5172,0,22.9761,120.2172,NULL,2019/6/6 13:31
1515,aa7a5172,0,22.9761,120.2172,NULL,2019/6/6 13:31
1516,aa560370,0,22.976,120.2175,NULL,2019/6/6 13:31
1517,aa560370,0,22.976,120.2175,NULL,2019/6/6 13:31
1518,aa7a5172,0,22.9761,120.2172,NULL,2019/6/6 13:31
1519,aa7a5172,0,22.9761,120.2172,NULL,2019/6/6 13:31
1520,aa560370,0,22.976,120.2175,NULL,2019/6/6 13:31
1521,aa560370,0,22.976,120.2175,NULL,2019/6/6 13:31
1522,aa560370,0,22.976,120.2176,NULL,2019/6/6 13:32
1523,aa560370,0,22.976,120.2176,NULL,2019/6/6 13:32
1524,aa7a5172,0,22.9761,120.2173,NULL,2019/6/6 13:32
1525,aa7a5172,0,22.9761,120.2173,NULL,2019/6/6 13:32
1526,aa560370,0,22.9761,120.2175,NULL,2019/6/6 13:32
1527,aa560370,0,22.9761,120.2175,NULL,2019/6/6 13:32
1528,aa560370,0,22.9761,120.2175,NULL,2019/6/6 13:33
1529,aa560370,0,22.9761,120.2175,NULL,2019/6/6 13:33
1530,aa7a5172,0,22.9761,120.2174,NULL,2019/6/6 13:33
1531,aa7a5172,0,22.9761,120.2174,NULL,2019/6/6 13:33
1532,aa560370,0,22.9762,120.2176,NULL,2019/6/6 13:33
1533,aa560370,0,22.9762,120.2176,NULL,2019/6/6 13:33
1534,aa560370,0,22.976,120.2175,NULL,2019/6/6 13:33
1535,aa560370,0,22.976,120.2175,NULL,2019/6/6 13:33
1536,aa7a5172,0,22.9761,120.2174,NULL,2019/6/6 13:34
1537,aa7a5172,0,22.9761,120.2174,NULL,2019/6/6 13:34
1538,aa560370,0,22.976,120.2176,NULL,2019/6/6 13:34
1539,aa560370,0,22.976,120.2176,NULL,2019/6/6 13:34
1540,aac8ea21,578,0,0,NULL,2019/6/6 13:34
1541,aa7a5172,0,22.9761,120.2174,NULL,2019/6/6 13:34
1542,aa7a5172,0,22.9761,120.2174,NULL,2019/6/6 13:34
1543,aac8ea21,578,0,0,NULL,2019/6/6 13:35
1544,aa7a5172,0,22.9761,120.2174,NULL,2019/6/6 13:35
1545,aa7a5172,0,22.9761,120.2174,NULL,2019/6/6 13:35
1546,aa560370,0,22.9763,120.2175,NULL,2019/6/6 13:35
1547,aa560370,0,22.9763,120.2175,NULL,2019/6/6 13:35
1548,aaeec756,573,0,0,NULL,2019/6/6 13:35
1549,aaeec756,573,0,0,NULL,2019/6/6 13:35
1550,aa560370,0,22.976,120.2175,NULL,2019/6/6 13:36
1551,aa560370,0,22.976,120.2175,NULL,2019/6/6 13:36
1552,aa7a5172,0,22.9761,120.2174,NULL,2019/6/6 13:36
1553,aa7a5172,0,22.9761,120.2174,NULL,2019/6/6 13:36
1554,aa560370,0,22.9761,120.2176,NULL,2019/6/6 13:36
1555,aa560370,0,22.9761,120.2176,NULL,2019/6/6 13:36
1556,aa560370,0,22.9761,120.2176,NULL,2019/6/6 13:36
1557,aa560370,0,22.9761,120.2176,NULL,2019/6/6 13:36
1558,aa7a5172,0,22.9761,120.2174,NULL,2019/6/6 13:37
1559,aa7a5172,0,22.9761,120.2174,NULL,2019/6/6 13:37
1560,aac8ea21,578,0,0,NULL,2019/6/6 13:37
1561,aa560370,0,22.9761,120.2175,NULL,2019/6/6 13:37
1562,aa560370,0,22.9761,120.2175,NULL,2019/6/6 13:37
1563,aa560370,0,22.9761,120.2175,NULL,2019/6/6 13:37
1564,aa560370,0,22.9761,120.2175,NULL,2019/6/6 13:37
1565,aa7a5172,0,22.9761,120.2174,NULL,2019/6/6 13:37
1566,aa7a5172,0,22.9761,120.2174,NULL,2019/6/6 13:37
1567,aa560370,0,22.9761,120.2176,NULL,2019/6/6 13:38
1568,aa560370,0,22.9761,120.2176,NULL,2019/6/6 13:38
1569,aa560370,0,22.9761,120.2176,NULL,2019/6/6 13:38
1570,aa560370,0,22.9761,120.2176,NULL,2019/6/6 13:38
1571,aa7a5172,0,22.976,120.2174,NULL,2019/6/6 13:38
1572,aa7a5172,0,22.976,120.2174,NULL,2019/6/6 13:38
1573,aa560370,0,22.9761,120.2176,NULL,2019/6/6 13:38
1574,aa560370,0,22.9761,120.2176,NULL,2019/6/6 13:38
1575,aa7a5172,0,22.976,120.2174,NULL,2019/6/6 13:39
1576,aa7a5172,0,22.976,120.2174,NULL,2019/6/6 13:39
1577,aa560370,0,22.9762,120.2177,NULL,2019/6/6 13:39
1578,aa560370,0,22.9762,120.2177,NULL,2019/6/6 13:39
1579,aa560370,0,22.9762,120.2177,NULL,2019/6/6 13:39
1580,aa560370,0,22.9762,120.2177,NULL,2019/6/6 13:39
1581,aa7a5172,0,22.976,120.2174,NULL,2019/6/6 13:40
1582,aa560370,0,22.9762,120.2176,NULL,2019/6/6 13:40
1583,aa7a5172,0,22.976,120.2174,NULL,2019/6/6 13:40
1584,aa560370,0,22.9762,120.2175,NULL,2019/6/6 13:41
1585,aa7a5172,0,22.976,120.2174,NULL,2019/6/6 13:41
1586,aa560370,0,22.9762,120.2177,NULL,2019/6/6 13:41
1587,aa7a5172,0,22.976,120.2174,NULL,2019/6/6 13:42
1588,aa560370,0,22.9762,120.2175,NULL,2019/6/6 13:42
1589,aa7a5172,0,22.976,120.2173,NULL,2019/6/6 13:43
1590,aa560370,0,22.9762,120.2175,NULL,2019/6/6 13:43
1591,aa7a5172,0,22.976,120.2173,NULL,2019/6/6 13:43
1592,aa560370,0,22.9761,120.2174,NULL,2019/6/6 13:43
1593,aa560370,0,22.976,120.2174,NULL,2019/6/6 13:44
1594,aa7a5172,0,22.976,120.2173,NULL,2019/6/6 13:44
1595,aa560370,0,22.9764,120.2179,NULL,2019/6/6 13:44
1596,aa560370,0,22.9762,120.2177,NULL,2019/6/6 13:45
1597,aa7a5172,0,22.976,120.2173,NULL,2019/6/6 13:45
1598,aa560370,0,22.9763,120.2177,NULL,2019/6/6 13:45
1599,aa560370,0,22.9763,120.2177,NULL,2019/6/6 13:46
1600,aa7a5172,0,22.976,120.2174,NULL,2019/6/6 13:46
1601,aa560370,519,0,0,NULL,2019/6/6 13:46
1602,aa560370,0,22.9761,120.2176,NULL,2019/6/6 13:46
1603,aa7a5172,0,22.976,120.2174,NULL,2019/6/6 13:46
1604,aa560370,0,22.9764,120.2177,NULL,2019/6/6 13:46
1605,aa560370,0,22.9764,120.2178,NULL,2019/6/6 13:47
1606,aa7a5172,0,22.976,120.2174,NULL,2019/6/6 13:47
1607,aa560370,0,22.9764,120.2178,NULL,2019/6/6 13:47
1608,aa7a5172,0,22.976,120.2174,NULL,2019/6/6 13:48
1609,aaeec756,573,0,0,NULL,2019/6/6 13:48
1610,aa560370,0,22.9763,120.2177,NULL,2019/6/6 13:48
1611,aa560370,0,22.976,120.2175,NULL,2019/6/6 13:48
1612,aa7a5172,0,22.976,120.2174,NULL,2019/6/6 13:49
1613,aa560370,0,22.9762,120.2176,NULL,2019/6/6 13:49
1614,aa7a5172,0,22.976,120.2174,NULL,2019/6/6 13:49
1615,aaeec756,574,0,0,NULL,2019/6/6 13:50
1616,aa7a5172,0,22.976,120.2174,NULL,2019/6/6 13:50
1617,aaeec756,574,0,0,NULL,2019/6/6 13:50
1618,aa560370,0,22.9761,120.2176,NULL,2019/6/6 13:51
1619,aa7a5172,0,22.976,120.2174,NULL,2019/6/6 13:51
1620,aa560370,0,22.9761,120.2176,NULL,2019/6/6 13:51
1621,aaeec756,574,0,0,NULL,2019/6/6 13:51
1622,aaeec756,574,0,0,NULL,2019/6/6 13:51
1623,aa560370,0,22.9761,120.2177,NULL,2019/6/6 13:51
1624,aaeec756,574,0,0,NULL,2019/6/6 13:51
1625,aa7a5172,0,22.9759,120.2174,NULL,2019/6/6 13:52
1626,aaeec756,574,0,0,NULL,2019/6/6 13:52
1627,aa7a5172,0,22.9759,120.2174,NULL,2019/6/6 13:52
1628,aa7a5172,0,22.976,120.2174,NULL,2019/6/6 13:53
1629,aa7a5172,0,22.976,120.2174,NULL,2019/6/6 13:54
1630,aaeec756,574,0,0,NULL,2019/6/6 13:54
1631,aaeec756,574,0,0,NULL,2019/6/6 13:55
1632,aa7a5172,0,22.976,120.2174,NULL,2019/6/6 13:55
1633,aa560370,0,22.9766,120.2181,NULL,2019/6/6 13:55
1634,aaeec756,574,0,0,NULL,2019/6/6 13:55
1635,aa560370,0,22.976,120.2174,NULL,2019/6/6 13:55
1636,aa7a5172,0,22.976,120.2174,NULL,2019/6/6 13:55
1637,aaeec756,571,0,0,NULL,2019/6/6 13:55
1638,aa7a5172,0,22.976,120.2174,NULL,2019/6/6 13:56
1639,aa7a5172,0,22.976,120.2174,NULL,2019/6/6 13:57
1640,aa7a5172,0,22.976,120.2174,NULL,2019/6/6 13:58
1641,aa7a5172,0,22.976,120.2174,NULL,2019/6/6 13:58
1642,aa7a5172,0,22.976,120.2175,NULL,2019/6/6 13:59
1643,aa7a5172,0,22.976,120.2175,NULL,2019/6/6 14:00
1644,aa7a5172,0,22.9759,120.2175,NULL,2019/6/6 14:01
1645,aa7a5172,0,22.976,120.2174,NULL,2019/6/6 14:01
1646,aa7a5172,0,22.9759,120.2175,NULL,2019/6/6 14:02
1647,aa1d3651,600,0,0,NULL,2019/6/6 14:03
1648,aa7a5172,0,22.9761,120.2174,NULL,2019/6/6 14:04
1649,aa7a5172,0,22.9759,120.2174,NULL,2019/6/6 14:04
1650,aa7a5172,0,22.976,120.2173,NULL,2019/6/6 14:05
1651,aa7a5172,0,22.976,120.2174,NULL,2019/6/6 14:06
1652,aa7a5172,0,22.976,120.2175,NULL,2019/6/6 14:07
1653,aa7a5172,0,22.976,120.2175,NULL,2019/6/6 14:07
1654,aa7a5172,0,22.976,120.2175,NULL,2019/6/6 14:08
1655,aa7a5172,0,22.976,120.2174,NULL,2019/6/6 14:09
1656,aa7a5172,0,22.976,120.2173,NULL,2019/6/6 14:10
1657,aa7a5172,0,22.976,120.2173,NULL,2019/6/6 14:10
1658,aa7a5172,0,22.976,120.2174,NULL,2019/6/6 14:11
1659,aa7a5172,0,22.976,120.2174,NULL,2019/6/6 14:12
1660,aa7a5172,0,22.9759,120.2175,NULL,2019/6/6 14:13
1661,aa7a5172,0,22.976,120.2175,NULL,2019/6/6 14:13
1662,aa7a5172,0,22.976,120.2175,NULL,2019/6/6 14:14
1663,aa7a5172,0,22.976,120.2174,NULL,2019/6/6 14:15
1664,aa7a5172,0,22.976,120.2174,NULL,2019/6/6 14:16
1665,aa7a5172,0,22.976,120.2174,NULL,2019/6/6 14:16
1666,aa7a5172,0,22.976,120.2174,NULL,2019/6/6 14:17
1667,aa7a5172,0,22.976,120.2174,NULL,2019/6/6 14:18
1668,aa7a5172,0,22.976,120.2174,NULL,2019/6/6 14:19
1669,aa7a5172,0,22.976,120.2174,NULL,2019/6/6 14:19
1670,aa7a5172,0,22.976,120.2174,NULL,2019/6/6 14:20
1671,aa7a5172,0,22.976,120.2174,NULL,2019/6/6 14:21
1672,aa7a5172,0,22.976,120.2174,NULL,2019/6/6 14:22
1673,aa7a5172,0,22.976,120.2173,NULL,2019/6/6 14:22
1674,aa7a5172,0,22.9761,120.2173,NULL,2019/6/6 14:23
1675,aa7a5172,0,22.9761,120.2172,NULL,2019/6/6 14:24
1676,aa7a5172,0,22.976,120.2174,NULL,2019/6/6 14:25
1677,aa7a5172,0,22.976,120.2173,NULL,2019/6/6 14:25
1678,aa7a5172,0,22.976,120.2173,NULL,2019/6/6 14:26
1679,aa7a5172,0,22.976,120.2174,NULL,2019/6/6 14:27
1816,aaeec755,572,0,0,NULL,2019/6/6 14:27
1680,aa7a5172,0,22.976,120.2173,NULL,2019/6/6 14:28
1681,aa7a5172,0,22.976,120.2173,NULL,2019/6/6 14:28
1816,aaeec755,572,0,0,NULL,2019/6/6 14:28
1682,aa1d3651,599,0,0,NULL,2019/6/6 14:29
1683,aa1d3651,599,0,0,NULL,2019/6/6 14:29
1684,aa7a5172,0,22.9761,120.2174,NULL,2019/6/6 14:29
1685,aa7a5172,0,22.9761,120.2173,NULL,2019/6/6 14:30
1686,aaeec756,568,0,0,NULL,2019/6/6 14:30
1687,aa1d3651,599,0,0,NULL,2019/6/6 14:30
1688,aaeec756,568,0,0,NULL,2019/6/6 14:31
1689,aa7a5172,0,22.976,120.2175,NULL,2019/6/6 14:31
1690,aaeec756,568,0,0,NULL,2019/6/6 14:31
1691,aaeec756,568,0,0,NULL,2019/6/6 14:31
1692,aa7a5172,0,22.9761,120.2173,NULL,2019/6/6 14:31
1693,aa7a5172,0,22.976,120.2174,NULL,2019/6/6 14:32
1694,aaeec756,568,0,0,NULL,2019/6/6 14:32
1695,aa1d3651,597,0,0,NULL,2019/6/6 14:33
1696,aa7a5172,0,22.9761,120.2173,NULL,2019/6/6 14:33
1697,aa1d3651,597,0,0,NULL,2019/6/6 14:33
1698,aa1d3651,597,0,0,NULL,2019/6/6 14:33
1699,aaeec756,568,0,0,NULL,2019/6/6 14:33
1700,aa1d3651,597,0,0,NULL,2019/6/6 14:33
1701,aa7a5172,0,22.976,120.2173,NULL,2019/6/6 14:34
1702,aaeec756,568,0,0,NULL,2019/6/6 14:34
1703,aaeec756,568,0,0,NULL,2019/6/6 14:34
1704,aa1d3651,598,0,0,NULL,2019/6/6 14:34
1705,aa7a5172,0,22.9761,120.2172,NULL,2019/6/6 14:35
1706,aa7a5172,0,22.9759,120.2176,NULL,2019/6/6 14:36
1707,aa7a5172,0,22.9759,120.2175,NULL,2019/6/6 14:37
1708,aa7a5172,0,22.9759,120.2174,NULL,2019/6/6 14:37
1709,aa7a5172,0,22.976,120.2174,NULL,2019/6/6 14:38
1710,aa7a5172,0,22.976,120.2174,NULL,2019/6/6 14:39
1711,aa7a5172,0,22.976,120.2175,NULL,2019/6/6 14:40
1712,aaeec756,571,0,0,NULL,2019/6/6 14:40
1713,aaeec756,569,0,0,NULL,2019/6/6 14:40
1714,aa7a5172,0,22.9759,120.2175,NULL,2019/6/6 14:41
1715,aa7a5172,0,22.9759,120.2175,NULL,2019/6/6 14:42
1716,aa7a5172,0,22.9759,120.2175,NULL,2019/6/6 14:43
1717,aa7a5172,0,22.9759,120.2175,NULL,2019/6/6 14:43
1718,aa7a5172,0,22.976,120.2174,NULL,2019/6/6 14:44
1719,aa1d3651,599,0,0,NULL,2019/6/6 14:45
1720,aa7a5172,0,22.9761,120.2174,NULL,2019/6/6 14:46
1721,aa7a5172,0,22.9761,120.2175,NULL,2019/6/6 14:46
1722,aa7a5172,0,22.9758,120.2174,NULL,2019/6/6 14:47
1723,aa1d3651,598,0,0,NULL,2019/6/6 14:49
1724,aa7a5172,0,22.976,120.2174,NULL,2019/6/6 14:49
1725,aa560370,0,22.9759,120.2175,NULL,2019/6/6 14:50
1726,aaeec756,570,0,0,NULL,2019/6/6 14:50
1727,aa7a5172,0,22.9759,120.2175,NULL,2019/6/6 14:50
1728,aa1d3651,598,0,0,NULL,2019/6/6 14:51
1729,aa1d3651,598,0,0,NULL,2019/6/6 14:51
1730,aa7a5172,0,22.9759,120.2174,NULL,2019/6/6 14:52
1731,aa7a5172,0,22.9759,120.2174,NULL,2019/6/6 14:52
1732,aa1d3651,598,0,0,NULL,2019/6/6 14:53
1733,aa7a5172,0,22.976,120.2174,NULL,2019/6/6 14:53
1734,aa1d3651,596,0,0,NULL,2019/6/6 14:54
1735,aa7a5172,0,22.9761,120.2174,NULL,2019/6/6 14:55
1736,aa1d3651,596,0,0,NULL,2019/6/6 14:55
1737,aa7a5172,0,22.9761,120.2174,NULL,2019/6/6 14:55
1738,aa7a5172,0,22.9759,120.2172,NULL,2019/6/6 14:56
1739,aa1d3651,596,0,0,NULL,2019/6/6 14:57
1740,aa7a5172,0,22.976,120.2174,NULL,2019/6/6 14:57
1741,aa1d3651,596,0,0,NULL,2019/6/6 14:57
1742,aa1d3651,596,0,0,NULL,2019/6/6 14:57
1743,aa1d3651,596,0,0,NULL,2019/6/6 14:58
1744,aa7a5172,0,22.9759,120.2174,NULL,2019/6/6 14:58
1745,aa1d3651,596,0,0,NULL,2019/6/6 14:58
1746,aa7a5172,0,22.9759,120.2173,NULL,2019/6/6 14:58
1747,aa1d3651,595,0,0,NULL,2019/6/6 14:59
1748,aa7a5172,0,22.976,120.2174,NULL,2019/6/6 14:59
1749,aa7a5172,0,22.976,120.2174,NULL,2019/6/6 15:00
1750,aa1d3651,595,0,0,NULL,2019/6/6 15:00
1751,aa7a5172,0,22.976,120.2174,NULL,2019/6/6 15:01
1752,aa1d3651,595,0,0,NULL,2019/6/6 15:01
1753,aa7a5172,0,22.976,120.2174,NULL,2019/6/6 15:01
1754,aa7a5172,0,22.976,120.2173,NULL,2019/6/6 15:02
1755,aa7a5172,0,22.976,120.2173,NULL,2019/6/6 15:04
1756,aa1d3651,594,0,0,NULL,2019/6/6 15:04
1757,aa7a5172,0,22.976,120.2174,NULL,2019/6/6 15:04
1758,aa1d3651,594,0,0,NULL,2019/6/6 15:05
1759,aa7a5172,0,22.9759,120.2174,NULL,2019/6/6 15:05
1760,aa1d3651,594,0,0,NULL,2019/6/6 15:06
1761,aa7a5172,0,22.976,120.2175,NULL,2019/6/6 15:06
1762,aa1d3651,594,0,0,NULL,2019/6/6 15:06
1763,aa1d3651,594,0,0,NULL,2019/6/6 15:06
1764,aa1d3651,594,0,0,NULL,2019/6/6 15:07
1765,aa1d3651,594,0,0,NULL,2019/6/6 15:08
1766,aa1d3651,593,0,0,NULL,2019/6/6 15:09
1767,aa1d3651,593,0,0,NULL,2019/6/6 15:09
1768,aa1d3651,593,0,0,NULL,2019/6/6 15:10
1769,aa1d3651,593,0,0,NULL,2019/6/6 15:10
1770,aa1d3651,593,0,0,NULL,2019/6/6 15:11
1771,aa1d3651,593,0,0,NULL,2019/6/6 15:12
1772,aa7a5172,0,22.9761,120.2174,NULL,2019/6/6 15:13
1773,aa1d3651,593,0,0,NULL,2019/6/6 15:13
1774,aa7a5172,0,22.976,120.2175,NULL,2019/6/6 15:13
1775,aa1d3651,595,0,0,NULL,2019/6/6 15:14
1776,aa1d3651,595,0,0,NULL,2019/6/6 15:14
1777,aaeec756,568,0,0,NULL,2019/6/6 15:14
1778,aa1d3651,595,0,0,NULL,2019/6/6 15:14
1779,aa7a5172,0,22.976,120.2174,NULL,2019/6/6 15:15
1780,aaeec756,568,0,0,NULL,2019/6/6 15:15
1781,aa1d3651,595,0,0,NULL,2019/6/6 15:15
1782,aaeec756,570,0,0,NULL,2019/6/6 15:15
1783,aa1d3651,595,0,0,NULL,2019/6/6 15:16
1784,aa7a5172,0,22.9758,120.2175,NULL,2019/6/6 15:16
1785,aa1d3651,595,0,0,NULL,2019/6/6 15:16
1786,aa1d3651,595,0,0,NULL,2019/6/6 15:16
1787,aa1d3651,595,0,0,NULL,2019/6/6 15:16
1788,aa1d3651,595,0,0,NULL,2019/6/6 15:17
1789,aa1d3651,595,0,0,NULL,2019/6/6 15:17
1790,aa1d3651,595,0,0,NULL,2019/6/6 15:17
1791,aa1d3651,595,0,0,NULL,2019/6/6 15:17
1792,aa1d3651,595,0,0,NULL,2019/6/6 15:18
1793,aa1d3651,595,0,0,NULL,2019/6/6 15:18
1794,aa1d3651,595,0,0,NULL,2019/6/6 15:18
1795,aa7a5172,0,22.9759,120.2173,NULL,2019/6/6 15:19
1796,aa7a5172,0,22.976,120.2173,NULL,2019/6/6 15:20
1797,aa7a5172,0,22.9761,120.2175,NULL,2019/6/6 15:23
1798,aa7a5172,0,22.9761,120.2175,NULL,2019/6/6 15:24
1799,aa7a5172,0,22.9762,120.2175,NULL,2019/6/6 15:25
1800,aa7a5172,0,22.9762,120.2172,NULL,2019/6/6 15:27
1801,aa7a5172,0,22.9761,120.2172,NULL,2019/6/6 15:29
1802,aa1d3651,590,0,0,NULL,2019/6/6 15:30
1803,aa1d3651,590,0,0,NULL,2019/6/6 15:31
1804,aa7a5172,0,22.976,120.2174,NULL,2019/6/6 15:31
1805,aa1d3651,590,0,0,NULL,2019/6/6 15:31
1806,aa1d3651,590,0,0,NULL,2019/6/6 15:31
1807,aa7a5172,0,22.9758,120.2175,NULL,2019/6/6 15:31
1808,aa7a5172,0,22.9757,120.2174,NULL,2019/6/6 15:32
1809,aa1d3651,590,0,0,NULL,2019/6/6 15:32
1810,aa1d3651,590,0,0,NULL,2019/6/6 15:33
1811,aa7a5172,0,22.9758,120.2174,NULL,2019/6/6 15:33
1812,aa1d3651,590,0,0,NULL,2019/6/6 15:33
1813,aa1d3651,590,0,0,NULL,2019/6/6 15:33
1814,aa7a5172,0,22.9759,120.2175,NULL,2019/6/6 15:34
1815,aa1d3651,584,0,0,NULL,2019/6/6 15:34
1816,aaeec755,568,0,0,NULL,2019/6/6 15:34
1817,aaeec755,568,0,0,NULL,2019/6/6 15:34
1818,aa7a5172,0,22.9759,120.2174,NULL,2019/6/6 15:34
1819,aa8412c7,419,0,0,NULL,2019/6/6 15:35
1820,aa8412c7,419,0,0,NULL,2019/6/6 15:35
1821,aa7a5172,0,22.9758,120.2174,NULL,2019/6/6 15:35
1822,aa7a5172,0,22.976,120.2175,NULL,2019/6/6 15:36
1823,aa7a5172,0,22.976,120.2175,NULL,2019/6/6 15:37
1824,aa7a5172,0,22.976,120.2175,NULL,2019/6/6 15:37
1825,aa7a5172,0,22.976,120.2174,NULL,2019/6/6 15:38
1826,aa7a5172,0,22.976,120.2173,NULL,2019/6/6 15:39
1827,aa7a5172,0,22.976,120.2174,NULL,2019/6/6 15:40
1828,aa7a5172,0,22.976,120.2174,NULL,2019/6/6 15:40
1829,aa7a5172,0,22.976,120.2176,NULL,2019/6/6 15:41
1830,aa8412c7,478,0,0,NULL,2019/6/6 15:43
1831,aa1d3651,589,0,0,NULL,2019/6/6 15:44
1832,aa1d3651,589,0,0,NULL,2019/6/6 15:44
1833,aa1d3651,589,0,0,NULL,2019/6/6 15:44
1834,aaeec755,568,0,0,NULL,2019/6/6 15:44
1835,aaeec755,568,0,0,NULL,2019/6/6 15:44
1836,aaeec755,568,0,0,NULL,2019/6/6 15:44
1837,aaeec755,568,0,0,NULL,2019/6/6 15:44
1838,aa1d3651,589,0,0,NULL,2019/6/6 15:45
1839,aa1d3651,589,0,0,NULL,2019/6/6 15:45
1840,aa1d3651,589,0,0,NULL,2019/6/6 15:45
1841,aa1d3651,589,0,0,NULL,2019/6/6 15:46
1842,aa1d3651,589,0,0,NULL,2019/6/6 15:46
1843,aa8412c7,523,0,0,NULL,2019/6/6 15:46
1844,aaeec755,568,0,0,NULL,2019/6/6 15:46
1845,aaeec755,568,0,0,NULL,2019/6/6 15:46
1846,aaeec755,568,0,0,NULL,2019/6/6 15:46
1847,aaeec755,568,0,0,NULL,2019/6/6 15:46
1848,aaeec755,568,0,0,NULL,2019/6/6 15:46
1849,aaeec755,568,0,0,NULL,2019/6/6 15:46
1850,aa7a5172,0,22.976,120.2174,NULL,2019/6/6 15:47
1851,aaeec755,568,0,0,NULL,2019/6/6 15:47
1852,aaeec755,568,0,0,NULL,2019/6/6 15:47
1853,aaeec755,568,0,0,NULL,2019/6/6 15:47
1854,aaeec755,568,0,0,NULL,2019/6/6 15:47
1855,aaeec755,568,0,0,NULL,2019/6/6 15:48
1856,aa1d3651,589,0,0,NULL,2019/6/6 15:48
1857,aa1d3651,589,0,0,NULL,2019/6/6 15:48
1858,aa8412c7,523,0,0,NULL,2019/6/6 15:48
1859,aac8ea21,595,0,0,NULL,2019/6/6 15:49
1860,aa8412c7,523,0,0,NULL,2019/6/6 15:49
1861,aa8412c7,530,0,0,NULL,2019/6/6 15:50
1862,aa1d3651,587,0,0,NULL,2019/6/6 15:50
1863,aa8412c7,530,0,0,NULL,2019/6/6 15:50
1864,aa8412c7,530,0,0,NULL,2019/6/6 15:52
1865,aa7a5172,0,22.976,120.2175,NULL,2019/6/6 15:53
1866,aa7a5172,0,22.976,120.2175,NULL,2019/6/6 15:53
1867,aa7a5172,0,22.976,120.2176,NULL,2019/6/6 15:54
1868,aa7a5172,0,22.976,120.2174,NULL,2019/6/6 15:56
1869,aa8412c7,533,0,0,NULL,2019/6/6 15:56
1870,aa7a5172,0,22.976,120.2174,NULL,2019/6/6 15:56
1871,aa8412c7,534,0,0,NULL,2019/6/6 16:01
1872,aa1d3651,588,0,0,NULL,2019/6/6 16:03
1873,aa8412c7,534,0,0,NULL,2019/6/6 16:03
1874,aa8412c7,534,0,0,NULL,2019/6/6 16:05
1875,aa8412c7,538,0,0,NULL,2019/6/6 16:05
1876,aa7a5172,0,22.9759,120.2178,NULL,2019/6/6 16:07
1877,aa8412c7,538,0,0,NULL,2019/6/6 16:09
1878,aa8412c7,542,0,0,NULL,2019/6/6 16:11
1879,aa8412c7,542,0,0,NULL,2019/6/6 16:12
1880,aac8ea21,595,0,0,NULL,2019/6/6 16:16
1881,aa8412c7,546,0,0,NULL,2019/6/6 16:23
1882,aa51b9fc,593,0,0,NULL,2019/6/6 16:26
1883,aa51b9fc,593,0,0,NULL,2019/6/6 16:27
1884,aaeec756,568,0,0,NULL,2019/6/6 16:28
1885,aa51b9fc,599,0,0,NULL,2019/6/6 16:28
1886,aa8412c7,556,0,0,NULL,2019/6/6 16:30
1887,aa7a5172,515,0,0,NULL,2019/6/6 16:32
1888,aa51b9fc,602,0,0,NULL,2019/6/6 16:33
1889,aa51b9fc,602,0,0,NULL,2019/6/6 16:54
1890,aa51b9fc,601,0,0,NULL,2019/6/6 17:13
1891,aa51b9fc,601,0,0,NULL,2019/6/6 17:13
1892,aa51b9fc,601,0,0,NULL,2019/6/6 17:13
1893,aa51b9fc,601,0,0,NULL,2019/6/6 17:14
